pair1_element1	pair1_element2	pair2_element1	label	category
Nassau	Bahamas	Amsterdam	Nederländerna	capital-common-countries
Havanna	Kuba	Rom	Italien	capital-common-countries
Havanna	Kuba	Köpenhamn	Danmark	capital-common-countries
Aten	Grekland	Rom	Italien	capital-common-countries
Jakarta	Indonesien	Berlin	Tyskland	capital-common-countries
Jerusalem	Israel	Aten	Grekland	capital-common-countries
Jerusalem	Israel	Manila	Filippinerna	capital-common-countries
Jerusalem	Israel	Oslo	Norge	capital-common-countries
Tokyo	Japan	Berlin	Tyskland	capital-common-countries
Tokyo	Japan	Dodoma	Tanzania	capital-common-countries
Nairobi	Kenya	Nassau	Bahamas	capital-common-countries
Nairobi	Kenya	Rom	Italien	capital-common-countries
Amsterdam	Nederländerna	Dodoma	Tanzania	capital-common-countries
Dodoma	Tanzania	Tokyo	Japan	capital-common-countries
Dodoma	Tanzania	Amsterdam	Nederländerna	capital-common-countries
Dodoma	Tanzania	Paris	Frankrike	capital-common-countries
Bangkok	Thailand	Nassau	Bahamas	capital-common-countries
Bangkok	Thailand	Berlin	Tyskland	capital-common-countries
Bangkok	Thailand	Rom	Italien	capital-common-countries
Islamabad	Pakistan	Amsterdam	Nederländerna	capital-common-countries
Islamabad	Pakistan	Lima	Peru	capital-common-countries
Islamabad	Pakistan	Köpenhamn	Danmark	capital-common-countries
Lima	Peru	Amsterdam	Nederländerna	capital-common-countries
Köpenhamn	Danmark	Abuja	Nigeria	capital-common-countries
Oslo	Norge	Nassau	Bahamas	capital-common-countries
Oslo	Norge	Nairobi	Kenya	capital-common-countries
Paris	Frankrike	Havanna	Kuba	capital-common-countries
Paris	Frankrike	Aten	Grekland	capital-common-countries
Paris	Frankrike	Tokyo	Japan	capital-common-countries
Nassau	Bahamas	Kairo	Egypten	capital-world
Nassau	Bahamas	Tallinn	Estland	capital-world
Nassau	Bahamas	Konakry	Guinea	capital-world
Nassau	Bahamas	Kingston	Jamaica	capital-world
Nassau	Bahamas	Chisinau	Moldavien	capital-world
Nassau	Bahamas	Rabat	Marocko	capital-world
Nassau	Bahamas	Niamey	Niger	capital-world
Nassau	Bahamas	Dakar	Senegal	capital-world
Nassau	Bahamas	Singapore	Singapore	capital-world
Nassau	Bahamas	Manama	Bahrain	capital-world
Nassau	Bahamas	Peking	Kina	capital-world
Dhaka	Bangladesh	Sofia	Bulgarien	capital-world
Dhaka	Bangladesh	Bujumbura	Burundi	capital-world
Dhaka	Bangladesh	Lissabon	Portugal	capital-world
Dhaka	Bangladesh	Bukarest	Rumänien	capital-world
Dhaka	Bangladesh	Moskva	Ryssland	capital-world
Belmopan	Belize	Asmara	Eritrea	capital-world
Belmopan	Belize	Libreville	Gabon	capital-world
Belmopan	Belize	Georgetown	Guyana	capital-world
Belmopan	Belize	Dublin	Irland	capital-world
Belmopan	Belize	Amman	Jordanien	capital-world
Belmopan	Belize	Luxemburg	Luxemburg	capital-world
Belmopan	Belize	Doha	Qatar	capital-world
Belmopan	Belize	Belgrad	Serbien	capital-world
Belmopan	Belize	Luanda	Angola	capital-world
Belmopan	Belize	Oslo	Norge	capital-world
Sofia	Bulgarien	Libreville	Gabon	capital-world
Sofia	Bulgarien	Monaco	Monaco	capital-world
Sofia	Bulgarien	Ljubljana	Slovenien	capital-world
Sofia	Bulgarien	Khartoum	Sudan	capital-world
Bujumbura	Burundi	Beirut	Libanon	capital-world
Bujumbura	Burundi	Monaco	Monaco	capital-world
Bujumbura	Burundi	Niamey	Niger	capital-world
Bujumbura	Burundi	Doha	Qatar	capital-world
Bujumbura	Burundi	Canberra	Australien	capital-world
Bujumbura	Burundi	Bryssel	Belgien	capital-world
Bujumbura	Burundi	Paris	Frankrike	capital-world
Bujumbura	Burundi	Ottawa	Kanada	capital-world
Bogotá	Colombia	Kairo	Egypten	capital-world
Bogotá	Colombia	Libreville	Gabon	capital-world
Bogotá	Colombia	Banjul	Gambia	capital-world
Bogotá	Colombia	Reykjavik	Island	capital-world
Bogotá	Colombia	Bamako	Mali	capital-world
Bogotá	Colombia	Chisinau	Moldavien	capital-world
Bogotá	Colombia	Abuja	Nigeria	capital-world
Bogotá	Colombia	Ljubljana	Slovenien	capital-world
Bogotá	Colombia	Mogadishu	Somalia	capital-world
Bogotá	Colombia	Stockholm	Sverige	capital-world
Bogotá	Colombia	Damaskus	Syrien	capital-world
Bogotá	Colombia	Hanoi	Vietnam	capital-world
Bogotá	Colombia	Bridgetown	Barbados	capital-world
Moroni	Komorerna	Zagreb	Kroatien	capital-world
Moroni	Komorerna	Abuja	Nigeria	capital-world
Moroni	Komorerna	Bukarest	Rumänien	capital-world
Moroni	Komorerna	Stockholm	Sverige	capital-world
Moroni	Komorerna	Paris	Frankrike	capital-world
Zagreb	Kroatien	Belmopan	Belize	capital-world
Zagreb	Kroatien	Beirut	Libanon	capital-world
Zagreb	Kroatien	Mogadishu	Somalia	capital-world
Zagreb	Kroatien	Stockholm	Sverige	capital-world
Zagreb	Kroatien	Dusjanbe	Tadzjikistan	capital-world
Zagreb	Kroatien	Caracas	Venezuela	capital-world
Zagreb	Kroatien	Canberra	Australien	capital-world
Zagreb	Kroatien	Manama	Bahrain	capital-world
Zagreb	Kroatien	Gaborone	Botswana	capital-world
Zagreb	Kroatien	Zagreb	Kroatien	capital-world
Nicosia	Cypern	Moroni	Komorerna	capital-world
Nicosia	Cypern	Antananarivo	Madagaskar	capital-world
Nicosia	Cypern	Bukarest	Rumänien	capital-world
Nicosia	Cypern	Alger	Algeriet	capital-world
Nicosia	Cypern	Manama	Bahrain	capital-world
Nicosia	Cypern	Paris	Frankrike	capital-world
Nicosia	Cypern	Zagreb	Kroatien	capital-world
Kairo	Egypten	Amman	Jordanien	capital-world
Kairo	Egypten	Manila	Filippinerna	capital-world
Kairo	Egypten	Singapore	Singapore	capital-world
Kairo	Egypten	Baku	Azerbajdzjan	capital-world
Kairo	Egypten	Manama	Bahrain	capital-world
Kairo	Egypten	Köpenhamn	Danmark	capital-world
Asmara	Eritrea	Bujumbura	Burundi	capital-world
Asmara	Eritrea	Antananarivo	Madagaskar	capital-world
Asmara	Eritrea	Lilongwe	Malawi	capital-world
Asmara	Eritrea	Ljubljana	Slovenien	capital-world
Asmara	Eritrea	Stockholm	Sverige	capital-world
Asmara	Eritrea	Dusjanbe	Tadzjikistan	capital-world
Asmara	Eritrea	Yaoundé	Kamerun	capital-world
Tallinn	Estland	Maseru	Lesotho	capital-world
Tallinn	Estland	Warszawa	Polen	capital-world
Tallinn	Estland	Dakar	Senegal	capital-world
Tallinn	Estland	Bern	Schweiz	capital-world
Tallinn	Estland	Bridgetown	Barbados	capital-world
Tallinn	Estland	Bryssel	Belgien	capital-world
Tallinn	Estland	Peking	Kina	capital-world
Libreville	Gabon	Konakry	Guinea	capital-world
Libreville	Gabon	Lissabon	Portugal	capital-world
Libreville	Gabon	Dakar	Senegal	capital-world
Libreville	Gabon	Mogadishu	Somalia	capital-world
Libreville	Gabon	Dusjanbe	Tadzjikistan	capital-world
Libreville	Gabon	Kabul	Afghanistan	capital-world
Libreville	Gabon	Wien	Österrike	capital-world
Libreville	Gabon	Gaborone	Botswana	capital-world
Libreville	Gabon	Oslo	Norge	capital-world
Banjul	Gambia	Moroni	Komorerna	capital-world
Banjul	Gambia	Kairo	Egypten	capital-world
Banjul	Gambia	Libreville	Gabon	capital-world
Banjul	Gambia	Warszawa	Polen	capital-world
Banjul	Gambia	Viktoria	Seychellerna	capital-world
Banjul	Gambia	Ankara	Turkiet	capital-world
Banjul	Gambia	Kiev	Ukraina	capital-world
Banjul	Gambia	Alger	Algeriet	capital-world
Tbilisi	Georgien	Sofia	Bulgarien	capital-world
Tbilisi	Georgien	Georgetown	Guyana	capital-world
Tbilisi	Georgien	Bukarest	Rumänien	capital-world
Tbilisi	Georgien	Hanoi	Vietnam	capital-world
Tbilisi	Georgien	Baku	Azerbajdzjan	capital-world
Tbilisi	Georgien	Gaborone	Botswana	capital-world
Tbilisi	Georgien	Ottawa	Kanada	capital-world
Konakry	Guinea	Dublin	Irland	capital-world
Konakry	Guinea	Beirut	Libanon	capital-world
Konakry	Guinea	Vilnius	Litauen	capital-world
Konakry	Guinea	Monaco	Monaco	capital-world
Konakry	Guinea	Stockholm	Sverige	capital-world
Konakry	Guinea	Montevideo	Uruguay	capital-world
Konakry	Guinea	Hanoi	Vietnam	capital-world
Konakry	Guinea	Tirana	Albanien	capital-world
Konakry	Guinea	Luanda	Angola	capital-world
Konakry	Guinea	Yaoundé	Kamerun	capital-world
Georgetown	Guyana	Tripoli	Libyen	capital-world
Georgetown	Guyana	Viktoria	Seychellerna	capital-world
Georgetown	Guyana	Baku	Azerbajdzjan	capital-world
Georgetown	Guyana	Minsk	Vitryssland	capital-world
Georgetown	Guyana	Yaoundé	Kamerun	capital-world
Budapest	Ungern	Sofia	Bulgarien	capital-world
Budapest	Ungern	Zagreb	Kroatien	capital-world
Budapest	Ungern	Nicosia	Cypern	capital-world
Budapest	Ungern	Tbilisi	Georgien	capital-world
Budapest	Ungern	Konakry	Guinea	capital-world
Budapest	Ungern	Reykjavik	Island	capital-world
Budapest	Ungern	Doha	Qatar	capital-world
Budapest	Ungern	Caracas	Venezuela	capital-world
Budapest	Ungern	Gaborone	Botswana	capital-world
Budapest	Ungern	Peking	Kina	capital-world
Reykjavik	Island	Kingston	Jamaica	capital-world
Reykjavik	Island	Tripoli	Libyen	capital-world
Reykjavik	Island	Luxemburg	Luxemburg	capital-world
Reykjavik	Island	Chisinau	Moldavien	capital-world
Reykjavik	Island	Bukarest	Rumänien	capital-world
Reykjavik	Island	Tasjkent	Uzbekistan	capital-world
Reykjavik	Island	Kabul	Afghanistan	capital-world
Reykjavik	Island	Canberra	Australien	capital-world
Reykjavik	Island	Paris	Frankrike	capital-world
Bagdad	Irak	Lilongwe	Malawi	capital-world
Bagdad	Irak	Belgrad	Serbien	capital-world
Bagdad	Irak	Mogadishu	Somalia	capital-world
Bagdad	Irak	Khartoum	Sudan	capital-world
Bagdad	Irak	Bern	Schweiz	capital-world
Bagdad	Irak	Kiev	Ukraina	capital-world
Bagdad	Irak	Minsk	Vitryssland	capital-world
Bagdad	Irak	Zagreb	Kroatien	capital-world
Bagdad	Irak	Köpenhamn	Danmark	capital-world
Dublin	Irland	Beirut	Libanon	capital-world
Dublin	Irland	Lilongwe	Malawi	capital-world
Dublin	Irland	Dakar	Senegal	capital-world
Dublin	Irland	Caracas	Venezuela	capital-world
Dublin	Irland	Baku	Azerbajdzjan	capital-world
Dublin	Irland	Zagreb	Kroatien	capital-world
Kingston	Jamaica	Beirut	Libanon	capital-world
Kingston	Jamaica	Luxemburg	Luxemburg	capital-world
Kingston	Jamaica	Lilongwe	Malawi	capital-world
Kingston	Jamaica	Belgrad	Serbien	capital-world
Kingston	Jamaica	Bratislava	Slovakien	capital-world
Kingston	Jamaica	Manama	Bahrain	capital-world
Kingston	Jamaica	Minsk	Vitryssland	capital-world
Kingston	Jamaica	Gaborone	Botswana	capital-world
Kingston	Jamaica	Yaoundé	Kamerun	capital-world
Amman	Jordanien	Luxemburg	Luxemburg	capital-world
Amman	Jordanien	Lilongwe	Malawi	capital-world
Amman	Jordanien	Lima	Peru	capital-world
Amman	Jordanien	Bern	Schweiz	capital-world
Riga	Lettland	Asmara	Eritrea	capital-world
Riga	Lettland	Tallinn	Estland	capital-world
Riga	Lettland	Kingston	Jamaica	capital-world
Riga	Lettland	Monrovia	Liberia	capital-world
Riga	Lettland	Chisinau	Moldavien	capital-world
Riga	Lettland	Viktoria	Seychellerna	capital-world
Riga	Lettland	Mogadishu	Somalia	capital-world
Riga	Lettland	Hanoi	Vietnam	capital-world
Riga	Lettland	Bridgetown	Barbados	capital-world
Riga	Lettland	Bryssel	Belgien	capital-world
Beirut	Libanon	Nicosia	Cypern	capital-world
Beirut	Libanon	Tbilisi	Georgien	capital-world
Beirut	Libanon	Monaco	Monaco	capital-world
Beirut	Libanon	Managua	Nicaragua	capital-world
Beirut	Libanon	Warszawa	Polen	capital-world
Beirut	Libanon	Madrid	Spanien	capital-world
Beirut	Libanon	Kampala	Uganda	capital-world
Beirut	Libanon	Canberra	Australien	capital-world
Beirut	Libanon	Manama	Bahrain	capital-world
Maseru	Lesotho	Dublin	Irland	capital-world
Maseru	Lesotho	Antananarivo	Madagaskar	capital-world
Maseru	Lesotho	Lilongwe	Malawi	capital-world
Maseru	Lesotho	Bamako	Mali	capital-world
Maseru	Lesotho	Lissabon	Portugal	capital-world
Maseru	Lesotho	Dakar	Senegal	capital-world
Maseru	Lesotho	Jerevan	Armenien	capital-world
Maseru	Lesotho	Bridgetown	Barbados	capital-world
Maseru	Lesotho	Gaborone	Botswana	capital-world
Monrovia	Liberia	Tbilisi	Georgien	capital-world
Monrovia	Liberia	Riga	Lettland	capital-world
Monrovia	Liberia	Beirut	Libanon	capital-world
Monrovia	Liberia	Maseru	Lesotho	capital-world
Monrovia	Liberia	Luxemburg	Luxemburg	capital-world
Monrovia	Liberia	Monaco	Monaco	capital-world
Monrovia	Liberia	Rabat	Marocko	capital-world
Monrovia	Liberia	Niamey	Niger	capital-world
Monrovia	Liberia	Bukarest	Rumänien	capital-world
Monrovia	Liberia	Moskva	Ryssland	capital-world
Monrovia	Liberia	Stockholm	Sverige	capital-world
Monrovia	Liberia	Damaskus	Syrien	capital-world
Monrovia	Liberia	Canberra	Australien	capital-world
Monrovia	Liberia	Wien	Österrike	capital-world
Monrovia	Liberia	Baku	Azerbajdzjan	capital-world
Monrovia	Liberia	Yaoundé	Kamerun	capital-world
Monrovia	Liberia	Oslo	Norge	capital-world
Tripoli	Libyen	Monrovia	Liberia	capital-world
Tripoli	Libyen	Antananarivo	Madagaskar	capital-world
Tripoli	Libyen	Katmandu	Nepal	capital-world
Tripoli	Libyen	Managua	Nicaragua	capital-world
Tripoli	Libyen	Niamey	Niger	capital-world
Tripoli	Libyen	Warszawa	Polen	capital-world
Tripoli	Libyen	Belgrad	Serbien	capital-world
Tripoli	Libyen	Viktoria	Seychellerna	capital-world
Tripoli	Libyen	Bern	Schweiz	capital-world
Tripoli	Libyen	Zagreb	Kroatien	capital-world
Vilnius	Litauen	Luxemburg	Luxemburg	capital-world
Vilnius	Litauen	Katmandu	Nepal	capital-world
Vilnius	Litauen	Kigali	Rwanda	capital-world
Vilnius	Litauen	Belgrad	Serbien	capital-world
Vilnius	Litauen	Singapore	Singapore	capital-world
Vilnius	Litauen	Ottawa	Kanada	capital-world
Luxemburg	Luxemburg	Zagreb	Kroatien	capital-world
Luxemburg	Luxemburg	Nicosia	Cypern	capital-world
Luxemburg	Luxemburg	Tbilisi	Georgien	capital-world
Luxemburg	Luxemburg	Lilongwe	Malawi	capital-world
Luxemburg	Luxemburg	Managua	Nicaragua	capital-world
Luxemburg	Luxemburg	Manila	Filippinerna	capital-world
Luxemburg	Luxemburg	Kabul	Afghanistan	capital-world
Luxemburg	Luxemburg	Baku	Azerbajdzjan	capital-world
Luxemburg	Luxemburg	Paris	Frankrike	capital-world
Antananarivo	Madagaskar	Nicosia	Cypern	capital-world
Antananarivo	Madagaskar	Libreville	Gabon	capital-world
Antananarivo	Madagaskar	Dublin	Irland	capital-world
Antananarivo	Madagaskar	Maseru	Lesotho	capital-world
Antananarivo	Madagaskar	Bamako	Mali	capital-world
Antananarivo	Madagaskar	Managua	Nicaragua	capital-world
Antananarivo	Madagaskar	Dakar	Senegal	capital-world
Antananarivo	Madagaskar	Dusjanbe	Tadzjikistan	capital-world
Antananarivo	Madagaskar	Tasjkent	Uzbekistan	capital-world
Antananarivo	Madagaskar	Canberra	Australien	capital-world
Antananarivo	Madagaskar	Wien	Österrike	capital-world
Lilongwe	Malawi	Tallinn	Estland	capital-world
Lilongwe	Malawi	Konakry	Guinea	capital-world
Lilongwe	Malawi	Monrovia	Liberia	capital-world
Lilongwe	Malawi	Singapore	Singapore	capital-world
Lilongwe	Malawi	Mogadishu	Somalia	capital-world
Lilongwe	Malawi	Damaskus	Syrien	capital-world
Bamako	Mali	Tbilisi	Georgien	capital-world
Bamako	Mali	Georgetown	Guyana	capital-world
Bamako	Mali	Lilongwe	Malawi	capital-world
Bamako	Mali	Singapore	Singapore	capital-world
Bamako	Mali	Madrid	Spanien	capital-world
Bamako	Mali	Peking	Kina	capital-world
Nouakchott	Mauretanien	Budapest	Ungern	capital-world
Nouakchott	Mauretanien	Monrovia	Liberia	capital-world
Nouakchott	Mauretanien	Doha	Qatar	capital-world
Nouakchott	Mauretanien	Khartoum	Sudan	capital-world
Nouakchott	Mauretanien	Ankara	Turkiet	capital-world
Chisinau	Moldavien	Nassau	Bahamas	capital-world
Chisinau	Moldavien	Bujumbura	Burundi	capital-world
Chisinau	Moldavien	Tripoli	Libyen	capital-world
Chisinau	Moldavien	Katmandu	Nepal	capital-world
Chisinau	Moldavien	Manila	Filippinerna	capital-world
Chisinau	Moldavien	Dakar	Senegal	capital-world
Chisinau	Moldavien	Belgrad	Serbien	capital-world
Chisinau	Moldavien	Bern	Schweiz	capital-world
Chisinau	Moldavien	Montevideo	Uruguay	capital-world
Chisinau	Moldavien	Wien	Österrike	capital-world
Chisinau	Moldavien	Zagreb	Kroatien	capital-world
Monaco	Monaco	Dhaka	Bangladesh	capital-world
Monaco	Monaco	Tallinn	Estland	capital-world
Monaco	Monaco	Kingston	Jamaica	capital-world
Monaco	Monaco	Riga	Lettland	capital-world
Monaco	Monaco	Vilnius	Litauen	capital-world
Monaco	Monaco	Nouakchott	Mauretanien	capital-world
Monaco	Monaco	Warszawa	Polen	capital-world
Monaco	Monaco	Bukarest	Rumänien	capital-world
Monaco	Monaco	Singapore	Singapore	capital-world
Monaco	Monaco	Mogadishu	Somalia	capital-world
Monaco	Monaco	Kiev	Ukraina	capital-world
Monaco	Monaco	Kabul	Afghanistan	capital-world
Monaco	Monaco	Peking	Kina	capital-world
Rabat	Marocko	Nicosia	Cypern	capital-world
Rabat	Marocko	Amman	Jordanien	capital-world
Rabat	Marocko	Beirut	Libanon	capital-world
Rabat	Marocko	Luxemburg	Luxemburg	capital-world
Rabat	Marocko	Bamako	Mali	capital-world
Rabat	Marocko	Chisinau	Moldavien	capital-world
Rabat	Marocko	Lissabon	Portugal	capital-world
Rabat	Marocko	Doha	Qatar	capital-world
Rabat	Marocko	Bryssel	Belgien	capital-world
Rabat	Marocko	Paris	Frankrike	capital-world
Rabat	Marocko	Ottawa	Kanada	capital-world
Katmandu	Nepal	Zagreb	Kroatien	capital-world
Katmandu	Nepal	Nicosia	Cypern	capital-world
Katmandu	Nepal	Bagdad	Irak	capital-world
Katmandu	Nepal	Beirut	Libanon	capital-world
Katmandu	Nepal	Managua	Nicaragua	capital-world
Katmandu	Nepal	Warszawa	Polen	capital-world
Katmandu	Nepal	Bukarest	Rumänien	capital-world
Katmandu	Nepal	Viktoria	Seychellerna	capital-world
Katmandu	Nepal	Alger	Algeriet	capital-world
Katmandu	Nepal	Baku	Azerbajdzjan	capital-world
Katmandu	Nepal	Manama	Bahrain	capital-world
Managua	Nicaragua	Bogotá	Colombia	capital-world
Managua	Nicaragua	Georgetown	Guyana	capital-world
Managua	Nicaragua	Monrovia	Liberia	capital-world
Managua	Nicaragua	Katmandu	Nepal	capital-world
Managua	Nicaragua	Moskva	Ryssland	capital-world
Managua	Nicaragua	Mogadishu	Somalia	capital-world
Managua	Nicaragua	Canberra	Australien	capital-world
Niamey	Niger	Dhaka	Bangladesh	capital-world
Niamey	Niger	Bogotá	Colombia	capital-world
Niamey	Niger	Banjul	Gambia	capital-world
Niamey	Niger	Riga	Lettland	capital-world
Niamey	Niger	Maseru	Lesotho	capital-world
Niamey	Niger	Vilnius	Litauen	capital-world
Niamey	Niger	Bern	Schweiz	capital-world
Niamey	Niger	Caracas	Venezuela	capital-world
Abuja	Nigeria	Tallinn	Estland	capital-world
Abuja	Nigeria	Reykjavik	Island	capital-world
Abuja	Nigeria	Riga	Lettland	capital-world
Abuja	Nigeria	Monrovia	Liberia	capital-world
Abuja	Nigeria	Kigali	Rwanda	capital-world
Abuja	Nigeria	Montevideo	Uruguay	capital-world
Abuja	Nigeria	Gaborone	Botswana	capital-world
Abuja	Nigeria	Ottawa	Kanada	capital-world
Lima	Peru	Nassau	Bahamas	capital-world
Lima	Peru	Belmopan	Belize	capital-world
Lima	Peru	Bujumbura	Burundi	capital-world
Lima	Peru	Amman	Jordanien	capital-world
Lima	Peru	Riga	Lettland	capital-world
Lima	Peru	Vilnius	Litauen	capital-world
Lima	Peru	Antananarivo	Madagaskar	capital-world
Lima	Peru	Lilongwe	Malawi	capital-world
Lima	Peru	Rabat	Marocko	capital-world
Lima	Peru	Manila	Filippinerna	capital-world
Lima	Peru	Montevideo	Uruguay	capital-world
Lima	Peru	Kabul	Afghanistan	capital-world
Lima	Peru	Alger	Algeriet	capital-world
Manila	Filippinerna	Nicosia	Cypern	capital-world
Manila	Filippinerna	Tallinn	Estland	capital-world
Manila	Filippinerna	Kingston	Jamaica	capital-world
Manila	Filippinerna	Katmandu	Nepal	capital-world
Manila	Filippinerna	Niamey	Niger	capital-world
Manila	Filippinerna	Ankara	Turkiet	capital-world
Manila	Filippinerna	Wien	Österrike	capital-world
Manila	Filippinerna	Bryssel	Belgien	capital-world
Warszawa	Polen	Bogotá	Colombia	capital-world
Warszawa	Polen	Tallinn	Estland	capital-world
Warszawa	Polen	Budapest	Ungern	capital-world
Warszawa	Polen	Moskva	Ryssland	capital-world
Warszawa	Polen	Bratislava	Slovakien	capital-world
Warszawa	Polen	Stockholm	Sverige	capital-world
Warszawa	Polen	Tirana	Albanien	capital-world
Warszawa	Polen	Wien	Österrike	capital-world
Lissabon	Portugal	Zagreb	Kroatien	capital-world
Lissabon	Portugal	Georgetown	Guyana	capital-world
Lissabon	Portugal	Riga	Lettland	capital-world
Lissabon	Portugal	Tripoli	Libyen	capital-world
Lissabon	Portugal	Lima	Peru	capital-world
Lissabon	Portugal	Stockholm	Sverige	capital-world
Lissabon	Portugal	Tasjkent	Uzbekistan	capital-world
Lissabon	Portugal	Tirana	Albanien	capital-world
Doha	Qatar	Dhaka	Bangladesh	capital-world
Doha	Qatar	Banjul	Gambia	capital-world
Doha	Qatar	Tripoli	Libyen	capital-world
Doha	Qatar	Katmandu	Nepal	capital-world
Doha	Qatar	Abuja	Nigeria	capital-world
Doha	Qatar	Ankara	Turkiet	capital-world
Doha	Qatar	Hanoi	Vietnam	capital-world
Doha	Qatar	Tirana	Albanien	capital-world
Doha	Qatar	Jerevan	Armenien	capital-world
Doha	Qatar	Bryssel	Belgien	capital-world
Doha	Qatar	Yaoundé	Kamerun	capital-world
Doha	Qatar	Köpenhamn	Danmark	capital-world
Bukarest	Rumänien	Bujumbura	Burundi	capital-world
Bukarest	Rumänien	Nicosia	Cypern	capital-world
Bukarest	Rumänien	Beirut	Libanon	capital-world
Bukarest	Rumänien	Rabat	Marocko	capital-world
Bukarest	Rumänien	Doha	Qatar	capital-world
Bukarest	Rumänien	Dakar	Senegal	capital-world
Bukarest	Rumänien	Singapore	Singapore	capital-world
Bukarest	Rumänien	Ljubljana	Slovenien	capital-world
Bukarest	Rumänien	Ankara	Turkiet	capital-world
Bukarest	Rumänien	Minsk	Vitryssland	capital-world
Bukarest	Rumänien	Yaoundé	Kamerun	capital-world
Moskva	Ryssland	Maseru	Lesotho	capital-world
Moskva	Ryssland	Lilongwe	Malawi	capital-world
Moskva	Ryssland	Manila	Filippinerna	capital-world
Moskva	Ryssland	Bukarest	Rumänien	capital-world
Moskva	Ryssland	Wien	Österrike	capital-world
Kigali	Rwanda	Libreville	Gabon	capital-world
Kigali	Rwanda	Georgetown	Guyana	capital-world
Kigali	Rwanda	Lissabon	Portugal	capital-world
Kigali	Rwanda	Dakar	Senegal	capital-world
Kigali	Rwanda	Viktoria	Seychellerna	capital-world
Kigali	Rwanda	Bratislava	Slovakien	capital-world
Kigali	Rwanda	Kampala	Uganda	capital-world
Kigali	Rwanda	Canberra	Australien	capital-world
Kigali	Rwanda	Bryssel	Belgien	capital-world
Dakar	Senegal	Tallinn	Estland	capital-world
Dakar	Senegal	Dublin	Irland	capital-world
Dakar	Senegal	Bamako	Mali	capital-world
Dakar	Senegal	Singapore	Singapore	capital-world
Dakar	Senegal	Dusjanbe	Tadzjikistan	capital-world
Dakar	Senegal	Luanda	Angola	capital-world
Belgrad	Serbien	Dhaka	Bangladesh	capital-world
Belgrad	Serbien	Tallinn	Estland	capital-world
Belgrad	Serbien	Tbilisi	Georgien	capital-world
Belgrad	Serbien	Bagdad	Irak	capital-world
Belgrad	Serbien	Bern	Schweiz	capital-world
Belgrad	Serbien	Tasjkent	Uzbekistan	capital-world
Belgrad	Serbien	Peking	Kina	capital-world
Viktoria	Seychellerna	Banjul	Gambia	capital-world
Viktoria	Seychellerna	Maseru	Lesotho	capital-world
Viktoria	Seychellerna	Bern	Schweiz	capital-world
Viktoria	Seychellerna	Kiev	Ukraina	capital-world
Viktoria	Seychellerna	Bridgetown	Barbados	capital-world
Viktoria	Seychellerna	Paris	Frankrike	capital-world
Singapore	Singapore	Nassau	Bahamas	capital-world
Singapore	Singapore	Kairo	Egypten	capital-world
Singapore	Singapore	Bamako	Mali	capital-world
Singapore	Singapore	Belgrad	Serbien	capital-world
Singapore	Singapore	Kampala	Uganda	capital-world
Singapore	Singapore	Montevideo	Uruguay	capital-world
Singapore	Singapore	Yaoundé	Kamerun	capital-world
Bratislava	Slovakien	Nouakchott	Mauretanien	capital-world
Bratislava	Slovakien	Abuja	Nigeria	capital-world
Bratislava	Slovakien	Tasjkent	Uzbekistan	capital-world
Bratislava	Slovakien	Luanda	Angola	capital-world
Bratislava	Slovakien	Jerevan	Armenien	capital-world
Bratislava	Slovakien	Paris	Frankrike	capital-world
Ljubljana	Slovenien	Moroni	Komorerna	capital-world
Ljubljana	Slovenien	Tbilisi	Georgien	capital-world
Ljubljana	Slovenien	Konakry	Guinea	capital-world
Ljubljana	Slovenien	Tripoli	Libyen	capital-world
Ljubljana	Slovenien	Warszawa	Polen	capital-world
Ljubljana	Slovenien	Kigali	Rwanda	capital-world
Ljubljana	Slovenien	Dakar	Senegal	capital-world
Ljubljana	Slovenien	Canberra	Australien	capital-world
Mogadishu	Somalia	Bogotá	Colombia	capital-world
Mogadishu	Somalia	Konakry	Guinea	capital-world
Mogadishu	Somalia	Amman	Jordanien	capital-world
Mogadishu	Somalia	Monaco	Monaco	capital-world
Mogadishu	Somalia	Warszawa	Polen	capital-world
Mogadishu	Somalia	Damaskus	Syrien	capital-world
Mogadishu	Somalia	Ankara	Turkiet	capital-world
Mogadishu	Somalia	Tirana	Albanien	capital-world
Mogadishu	Somalia	Minsk	Vitryssland	capital-world
Madrid	Spanien	Moroni	Komorerna	capital-world
Madrid	Spanien	Kairo	Egypten	capital-world
Madrid	Spanien	Reykjavik	Island	capital-world
Madrid	Spanien	Bagdad	Irak	capital-world
Madrid	Spanien	Kingston	Jamaica	capital-world
Madrid	Spanien	Moskva	Ryssland	capital-world
Madrid	Spanien	Singapore	Singapore	capital-world
Khartoum	Sudan	Moroni	Komorerna	capital-world
Khartoum	Sudan	Zagreb	Kroatien	capital-world
Khartoum	Sudan	Nicosia	Cypern	capital-world
Khartoum	Sudan	Libreville	Gabon	capital-world
Khartoum	Sudan	Tbilisi	Georgien	capital-world
Khartoum	Sudan	Riga	Lettland	capital-world
Khartoum	Sudan	Niamey	Niger	capital-world
Khartoum	Sudan	Manila	Filippinerna	capital-world
Khartoum	Sudan	Bukarest	Rumänien	capital-world
Khartoum	Sudan	Kigali	Rwanda	capital-world
Khartoum	Sudan	Dakar	Senegal	capital-world
Khartoum	Sudan	Ljubljana	Slovenien	capital-world
Khartoum	Sudan	Manama	Bahrain	capital-world
Khartoum	Sudan	Zagreb	Kroatien	capital-world
Stockholm	Sverige	Nicosia	Cypern	capital-world
Stockholm	Sverige	Libreville	Gabon	capital-world
Stockholm	Sverige	Amman	Jordanien	capital-world
Stockholm	Sverige	Katmandu	Nepal	capital-world
Stockholm	Sverige	Lissabon	Portugal	capital-world
Stockholm	Sverige	Ankara	Turkiet	capital-world
Stockholm	Sverige	Tasjkent	Uzbekistan	capital-world
Stockholm	Sverige	Manama	Bahrain	capital-world
Stockholm	Sverige	Bryssel	Belgien	capital-world
Stockholm	Sverige	Yaoundé	Kamerun	capital-world
Bern	Schweiz	Zagreb	Kroatien	capital-world
Bern	Schweiz	Asmara	Eritrea	capital-world
Bern	Schweiz	Dublin	Irland	capital-world
Bern	Schweiz	Amman	Jordanien	capital-world
Bern	Schweiz	Moskva	Ryssland	capital-world
Bern	Schweiz	Kigali	Rwanda	capital-world
Bern	Schweiz	Dakar	Senegal	capital-world
Bern	Schweiz	Kiev	Ukraina	capital-world
Bern	Schweiz	Tirana	Albanien	capital-world
Bern	Schweiz	Jerevan	Armenien	capital-world
Bern	Schweiz	Wien	Österrike	capital-world
Bern	Schweiz	Köpenhamn	Danmark	capital-world
Damaskus	Syrien	Libreville	Gabon	capital-world
Damaskus	Syrien	Dublin	Irland	capital-world
Damaskus	Syrien	Rabat	Marocko	capital-world
Damaskus	Syrien	Manila	Filippinerna	capital-world
Damaskus	Syrien	Lissabon	Portugal	capital-world
Damaskus	Syrien	Moskva	Ryssland	capital-world
Damaskus	Syrien	Singapore	Singapore	capital-world
Damaskus	Syrien	Madrid	Spanien	capital-world
Damaskus	Syrien	Kabul	Afghanistan	capital-world
Dusjanbe	Tadzjikistan	Nicosia	Cypern	capital-world
Dusjanbe	Tadzjikistan	Georgetown	Guyana	capital-world
Dusjanbe	Tadzjikistan	Bagdad	Irak	capital-world
Dusjanbe	Tadzjikistan	Amman	Jordanien	capital-world
Dusjanbe	Tadzjikistan	Maseru	Lesotho	capital-world
Dusjanbe	Tadzjikistan	Manila	Filippinerna	capital-world
Dusjanbe	Tadzjikistan	Kiev	Ukraina	capital-world
Dusjanbe	Tadzjikistan	Hanoi	Vietnam	capital-world
Dusjanbe	Tadzjikistan	Kabul	Afghanistan	capital-world
Dusjanbe	Tadzjikistan	Tirana	Albanien	capital-world
Dusjanbe	Tadzjikistan	Bryssel	Belgien	capital-world
Ankara	Turkiet	Georgetown	Guyana	capital-world
Ankara	Turkiet	Bamako	Mali	capital-world
Ankara	Turkiet	Bridgetown	Barbados	capital-world
Ankara	Turkiet	Minsk	Vitryssland	capital-world
Ankara	Turkiet	Peking	Kina	capital-world
Kampala	Uganda	Zagreb	Kroatien	capital-world
Kampala	Uganda	Nicosia	Cypern	capital-world
Kampala	Uganda	Konakry	Guinea	capital-world
Kampala	Uganda	Amman	Jordanien	capital-world
Kampala	Uganda	Doha	Qatar	capital-world
Kampala	Uganda	Caracas	Venezuela	capital-world
Kampala	Uganda	Baku	Azerbajdzjan	capital-world
Kampala	Uganda	Manama	Bahrain	capital-world
Kampala	Uganda	Ottawa	Kanada	capital-world
Kiev	Ukraina	Moroni	Komorerna	capital-world
Kiev	Ukraina	Nouakchott	Mauretanien	capital-world
Kiev	Ukraina	Monaco	Monaco	capital-world
Kiev	Ukraina	Managua	Nicaragua	capital-world
Kiev	Ukraina	Baku	Azerbajdzjan	capital-world
Montevideo	Uruguay	Sofia	Bulgarien	capital-world
Montevideo	Uruguay	Bogotá	Colombia	capital-world
Montevideo	Uruguay	Tbilisi	Georgien	capital-world
Montevideo	Uruguay	Georgetown	Guyana	capital-world
Montevideo	Uruguay	Maseru	Lesotho	capital-world
Montevideo	Uruguay	Chisinau	Moldavien	capital-world
Montevideo	Uruguay	Abuja	Nigeria	capital-world
Montevideo	Uruguay	Viktoria	Seychellerna	capital-world
Montevideo	Uruguay	Singapore	Singapore	capital-world
Montevideo	Uruguay	Bratislava	Slovakien	capital-world
Montevideo	Uruguay	Tasjkent	Uzbekistan	capital-world
Tasjkent	Uzbekistan	Zagreb	Kroatien	capital-world
Tasjkent	Uzbekistan	Bagdad	Irak	capital-world
Tasjkent	Uzbekistan	Beirut	Libanon	capital-world
Tasjkent	Uzbekistan	Antananarivo	Madagaskar	capital-world
Tasjkent	Uzbekistan	Monaco	Monaco	capital-world
Tasjkent	Uzbekistan	Katmandu	Nepal	capital-world
Tasjkent	Uzbekistan	Lissabon	Portugal	capital-world
Tasjkent	Uzbekistan	Dakar	Senegal	capital-world
Tasjkent	Uzbekistan	Ljubljana	Slovenien	capital-world
Tasjkent	Uzbekistan	Kiev	Ukraina	capital-world
Tasjkent	Uzbekistan	Köpenhamn	Danmark	capital-world
Caracas	Venezuela	Kampala	Uganda	capital-world
Caracas	Venezuela	Canberra	Australien	capital-world
Caracas	Venezuela	Minsk	Vitryssland	capital-world
Hanoi	Vietnam	Kingston	Jamaica	capital-world
Hanoi	Vietnam	Managua	Nicaragua	capital-world
Hanoi	Vietnam	Bridgetown	Barbados	capital-world
Hanoi	Vietnam	Bryssel	Belgien	capital-world
Hanoi	Vietnam	Paris	Frankrike	capital-world
Kabul	Afghanistan	Tallinn	Estland	capital-world
Kabul	Afghanistan	Bagdad	Irak	capital-world
Kabul	Afghanistan	Amman	Jordanien	capital-world
Kabul	Afghanistan	Gaborone	Botswana	capital-world
Tirana	Albanien	Dhaka	Bangladesh	capital-world
Tirana	Albanien	Moroni	Komorerna	capital-world
Tirana	Albanien	Dublin	Irland	capital-world
Tirana	Albanien	Antananarivo	Madagaskar	capital-world
Tirana	Albanien	Niamey	Niger	capital-world
Tirana	Albanien	Doha	Qatar	capital-world
Tirana	Albanien	Bratislava	Slovakien	capital-world
Tirana	Albanien	Khartoum	Sudan	capital-world
Tirana	Albanien	Bern	Schweiz	capital-world
Tirana	Albanien	Canberra	Australien	capital-world
Tirana	Albanien	Baku	Azerbajdzjan	capital-world
Tirana	Albanien	Minsk	Vitryssland	capital-world
Alger	Algeriet	Kairo	Egypten	capital-world
Alger	Algeriet	Tbilisi	Georgien	capital-world
Alger	Algeriet	Georgetown	Guyana	capital-world
Alger	Algeriet	Budapest	Ungern	capital-world
Alger	Algeriet	Antananarivo	Madagaskar	capital-world
Alger	Algeriet	Lilongwe	Malawi	capital-world
Alger	Algeriet	Monaco	Monaco	capital-world
Alger	Algeriet	Niamey	Niger	capital-world
Alger	Algeriet	Khartoum	Sudan	capital-world
Alger	Algeriet	Kiev	Ukraina	capital-world
Alger	Algeriet	Paris	Frankrike	capital-world
Alger	Algeriet	Peking	Kina	capital-world
Luanda	Angola	Bujumbura	Burundi	capital-world
Luanda	Angola	Asmara	Eritrea	capital-world
Luanda	Angola	Kingston	Jamaica	capital-world
Luanda	Angola	Antananarivo	Madagaskar	capital-world
Luanda	Angola	Managua	Nicaragua	capital-world
Luanda	Angola	Tasjkent	Uzbekistan	capital-world
Jerevan	Armenien	Libreville	Gabon	capital-world
Jerevan	Armenien	Moskva	Ryssland	capital-world
Canberra	Australien	Abuja	Nigeria	capital-world
Canberra	Australien	Bukarest	Rumänien	capital-world
Canberra	Australien	Belgrad	Serbien	capital-world
Canberra	Australien	Bratislava	Slovakien	capital-world
Canberra	Australien	Peking	Kina	capital-world
Wien	Österrike	Zagreb	Kroatien	capital-world
Wien	Österrike	Amman	Jordanien	capital-world
Wien	Österrike	Katmandu	Nepal	capital-world
Wien	Österrike	Manila	Filippinerna	capital-world
Wien	Österrike	Hanoi	Vietnam	capital-world
Wien	Österrike	Jerevan	Armenien	capital-world
Baku	Azerbajdzjan	Libreville	Gabon	capital-world
Baku	Azerbajdzjan	Lilongwe	Malawi	capital-world
Baku	Azerbajdzjan	Bamako	Mali	capital-world
Baku	Azerbajdzjan	Chisinau	Moldavien	capital-world
Baku	Azerbajdzjan	Manila	Filippinerna	capital-world
Baku	Azerbajdzjan	Warszawa	Polen	capital-world
Baku	Azerbajdzjan	Ljubljana	Slovenien	capital-world
Baku	Azerbajdzjan	Ankara	Turkiet	capital-world
Baku	Azerbajdzjan	Tasjkent	Uzbekistan	capital-world
Baku	Azerbajdzjan	Hanoi	Vietnam	capital-world
Baku	Azerbajdzjan	Jerevan	Armenien	capital-world
Manama	Bahrain	Reykjavik	Island	capital-world
Manama	Bahrain	Luxemburg	Luxemburg	capital-world
Manama	Bahrain	Managua	Nicaragua	capital-world
Manama	Bahrain	Madrid	Spanien	capital-world
Manama	Bahrain	Kampala	Uganda	capital-world
Manama	Bahrain	Luanda	Angola	capital-world
Bridgetown	Barbados	Sofia	Bulgarien	capital-world
Bridgetown	Barbados	Bogotá	Colombia	capital-world
Bridgetown	Barbados	Georgetown	Guyana	capital-world
Bridgetown	Barbados	Riga	Lettland	capital-world
Bridgetown	Barbados	Niamey	Niger	capital-world
Bridgetown	Barbados	Moskva	Ryssland	capital-world
Bridgetown	Barbados	Kigali	Rwanda	capital-world
Bridgetown	Barbados	Kiev	Ukraina	capital-world
Bridgetown	Barbados	Oslo	Norge	capital-world
Minsk	Vitryssland	Bogotá	Colombia	capital-world
Minsk	Vitryssland	Maseru	Lesotho	capital-world
Minsk	Vitryssland	Nouakchott	Mauretanien	capital-world
Minsk	Vitryssland	Warszawa	Polen	capital-world
Minsk	Vitryssland	Bern	Schweiz	capital-world
Minsk	Vitryssland	Canberra	Australien	capital-world
Minsk	Vitryssland	Ottawa	Kanada	capital-world
Minsk	Vitryssland	Peking	Kina	capital-world
Minsk	Vitryssland	Oslo	Norge	capital-world
Bryssel	Belgien	Tripoli	Libyen	capital-world
Bryssel	Belgien	Bratislava	Slovakien	capital-world
Bryssel	Belgien	Bern	Schweiz	capital-world
Bryssel	Belgien	Ankara	Turkiet	capital-world
Bryssel	Belgien	Gaborone	Botswana	capital-world
Bryssel	Belgien	Köpenhamn	Danmark	capital-world
Gaborone	Botswana	Libreville	Gabon	capital-world
Gaborone	Botswana	Budapest	Ungern	capital-world
Gaborone	Botswana	Vilnius	Litauen	capital-world
Gaborone	Botswana	Antananarivo	Madagaskar	capital-world
Gaborone	Botswana	Bamako	Mali	capital-world
Gaborone	Botswana	Moskva	Ryssland	capital-world
Gaborone	Botswana	Wien	Österrike	capital-world
Gaborone	Botswana	Zagreb	Kroatien	capital-world
Gaborone	Botswana	Oslo	Norge	capital-world
Paris	Frankrike	Banjul	Gambia	capital-world
Paris	Frankrike	Georgetown	Guyana	capital-world
Paris	Frankrike	Riga	Lettland	capital-world
Paris	Frankrike	Tripoli	Libyen	capital-world
Paris	Frankrike	Lilongwe	Malawi	capital-world
Paris	Frankrike	Manila	Filippinerna	capital-world
Paris	Frankrike	Ljubljana	Slovenien	capital-world
Paris	Frankrike	Khartoum	Sudan	capital-world
Paris	Frankrike	Damaskus	Syrien	capital-world
Paris	Frankrike	Köpenhamn	Danmark	capital-world
Yaoundé	Kamerun	Belmopan	Belize	capital-world
Yaoundé	Kamerun	Bujumbura	Burundi	capital-world
Yaoundé	Kamerun	Moroni	Komorerna	capital-world
Yaoundé	Kamerun	Riga	Lettland	capital-world
Yaoundé	Kamerun	Maseru	Lesotho	capital-world
Yaoundé	Kamerun	Damaskus	Syrien	capital-world
Yaoundé	Kamerun	Kabul	Afghanistan	capital-world
Yaoundé	Kamerun	Jerevan	Armenien	capital-world
Yaoundé	Kamerun	Bryssel	Belgien	capital-world
Ottawa	Kanada	Bogotá	Colombia	capital-world
Ottawa	Kanada	Kingston	Jamaica	capital-world
Ottawa	Kanada	Managua	Nicaragua	capital-world
Ottawa	Kanada	Lissabon	Portugal	capital-world
Ottawa	Kanada	Caracas	Venezuela	capital-world
Ottawa	Kanada	Wien	Österrike	capital-world
Peking	Kina	Nassau	Bahamas	capital-world
Peking	Kina	Belmopan	Belize	capital-world
Peking	Kina	Sofia	Bulgarien	capital-world
Peking	Kina	Bujumbura	Burundi	capital-world
Peking	Kina	Libreville	Gabon	capital-world
Peking	Kina	Georgetown	Guyana	capital-world
Peking	Kina	Monrovia	Liberia	capital-world
Peking	Kina	Niamey	Niger	capital-world
Peking	Kina	Mogadishu	Somalia	capital-world
Peking	Kina	Kiev	Ukraina	capital-world
Peking	Kina	Jerevan	Armenien	capital-world
Peking	Kina	Gaborone	Botswana	capital-world
Peking	Kina	Oslo	Norge	capital-world
Zagreb	Kroatien	Banjul	Gambia	capital-world
Zagreb	Kroatien	Chisinau	Moldavien	capital-world
Zagreb	Kroatien	Abuja	Nigeria	capital-world
Zagreb	Kroatien	Kigali	Rwanda	capital-world
Zagreb	Kroatien	Bratislava	Slovakien	capital-world
Zagreb	Kroatien	Ljubljana	Slovenien	capital-world
Zagreb	Kroatien	Kabul	Afghanistan	capital-world
Zagreb	Kroatien	Ottawa	Kanada	capital-world
Zagreb	Kroatien	Köpenhamn	Danmark	capital-world
Köpenhamn	Danmark	Kairo	Egypten	capital-world
Köpenhamn	Danmark	Konakry	Guinea	capital-world
Köpenhamn	Danmark	Georgetown	Guyana	capital-world
Köpenhamn	Danmark	Budapest	Ungern	capital-world
Köpenhamn	Danmark	Maseru	Lesotho	capital-world
Köpenhamn	Danmark	Luxemburg	Luxemburg	capital-world
Köpenhamn	Danmark	Bukarest	Rumänien	capital-world
Köpenhamn	Danmark	Ljubljana	Slovenien	capital-world
Köpenhamn	Danmark	Madrid	Spanien	capital-world
Köpenhamn	Danmark	Kiev	Ukraina	capital-world
Köpenhamn	Danmark	Baku	Azerbajdzjan	capital-world
Oslo	Norge	Bogotá	Colombia	capital-world
Oslo	Norge	Asmara	Eritrea	capital-world
Oslo	Norge	Kingston	Jamaica	capital-world
Oslo	Norge	Amman	Jordanien	capital-world
Oslo	Norge	Tripoli	Libyen	capital-world
Oslo	Norge	Lilongwe	Malawi	capital-world
Oslo	Norge	Managua	Nicaragua	capital-world
Oslo	Norge	Bratislava	Slovakien	capital-world
Oslo	Norge	Dusjanbe	Tadzjikistan	capital-world
Oslo	Norge	Ankara	Turkiet	capital-world
Oslo	Norge	Kampala	Uganda	capital-world
Oslo	Norge	Kiev	Ukraina	capital-world
Oslo	Norge	Montevideo	Uruguay	capital-world
Oslo	Norge	Kabul	Afghanistan	capital-world
Oslo	Norge	Canberra	Australien	capital-world
Danmark	kronor	Japan	yen	currency
Karlskrona	Blekinge	Gävle	Gävleborg	city-in-state
Karlskrona	Blekinge	Uppsala	Uppsala	city-in-state
Karlskrona	Blekinge	Örebro	Örebro	city-in-state
Karlskrona	Blekinge	Piteå	Norrbotten	city-in-state
Karlskrona	Blekinge	Ekerö	Stockholm	city-in-state
Karlskrona	Blekinge	Tierp	Uppsala	city-in-state
Karlskrona	Blekinge	Vibble	Gotland	city-in-state
Karlskrona	Blekinge	Lessebo	Kronoberg	city-in-state
Falun	Dalarna	Karlskrona	Blekinge	city-in-state
Falun	Dalarna	Örebro	Örebro	city-in-state
Falun	Dalarna	Linköping	Östergötland	city-in-state
Falun	Dalarna	Lessebo	Kronoberg	city-in-state
Visby	Gotland	Hemse	Gotland	city-in-state
Visby	Gotland	Alvesta	Kronoberg	city-in-state
Gävle	Gävleborg	Kiruna	Norrbotten	city-in-state
Gävle	Gävleborg	Kungsängen	Stockholm	city-in-state
Gävle	Gävleborg	Vibble	Gotland	city-in-state
Halmstad	Halland	Jönköping	Jönköping	city-in-state
Halmstad	Halland	Ekerö	Stockholm	city-in-state
Halmstad	Halland	Laholm	Halland	city-in-state
Halmstad	Halland	Lessebo	Kronoberg	city-in-state
Östersund	Jämtland	Malmö	Skåne	city-in-state
Östersund	Jämtland	Karlstad	Värmland	city-in-state
Östersund	Jämtland	Umeå	Västerbotten	city-in-state
Östersund	Jämtland	Boden	Norrbotten	city-in-state
Jönköping	Jönköping	Nyköping	Södermanland	city-in-state
Jönköping	Jönköping	Örebro	Örebro	city-in-state
Kalmar	Kalmar	Jönköping	Jönköping	city-in-state
Kalmar	Kalmar	Härnösand	Västernorrland	city-in-state
Växjö	Kronoberg	Falun	Dalarna	city-in-state
Växjö	Kronoberg	Malmö	Skåne	city-in-state
Växjö	Kronoberg	Karlshamn	Blekinge	city-in-state
Växjö	Kronoberg	Kiruna	Norrbotten	city-in-state
Växjö	Kronoberg	Jordbro	Stockholm	city-in-state
Växjö	Kronoberg	Vibble	Gotland	city-in-state
Växjö	Kronoberg	Lessebo	Kronoberg	city-in-state
Luleå	Norrbotten	Umeå	Västerbotten	city-in-state
Luleå	Norrbotten	Härnösand	Västernorrland	city-in-state
Luleå	Norrbotten	Jordbro	Stockholm	city-in-state
Malmö	Skåne	Gävle	Gävleborg	city-in-state
Malmö	Skåne	Ronneby	Blekinge	city-in-state
Malmö	Skåne	Karlshamn	Blekinge	city-in-state
Malmö	Skåne	Vimmerby	Kalmar	city-in-state
Stockholm	Stockholm	Kalmar	Kalmar	city-in-state
Stockholm	Stockholm	Ekerö	Stockholm	city-in-state
Nyköping	Södermanland	Jönköping	Jönköping	city-in-state
Nyköping	Södermanland	Göteborg	Västra Götaland	city-in-state
Nyköping	Södermanland	Linköping	Östergötland	city-in-state
Nyköping	Södermanland	Vimmerby	Kalmar	city-in-state
Uppsala	Uppsala	Karlskrona	Blekinge	city-in-state
Uppsala	Uppsala	Härnösand	Västernorrland	city-in-state
Uppsala	Uppsala	Örebro	Örebro	city-in-state
Uppsala	Uppsala	Kungsängen	Stockholm	city-in-state
Uppsala	Uppsala	Lessebo	Kronoberg	city-in-state
Karlstad	Värmland	Malmö	Skåne	city-in-state
Karlstad	Värmland	Härnösand	Västernorrland	city-in-state
Karlstad	Värmland	Västerås	Västmanland	city-in-state
Karlstad	Värmland	Örebro	Örebro	city-in-state
Karlstad	Värmland	Ronneby	Blekinge	city-in-state
Umeå	Västerbotten	Karlskrona	Blekinge	city-in-state
Umeå	Västerbotten	Karlstad	Värmland	city-in-state
Umeå	Västerbotten	Karlshamn	Blekinge	city-in-state
Umeå	Västerbotten	Knivsta	Uppsala	city-in-state
Härnösand	Västernorrland	Umeå	Västerbotten	city-in-state
Härnösand	Västernorrland	Kiruna	Norrbotten	city-in-state
Härnösand	Västernorrland	Tumba	Stockholm	city-in-state
Härnösand	Västernorrland	Ekerö	Stockholm	city-in-state
Härnösand	Västernorrland	Håbo	Uppsala	city-in-state
Härnösand	Västernorrland	Knivsta	Uppsala	city-in-state
Västerås	Västmanland	Jordbro	Stockholm	city-in-state
Västerås	Västmanland	Vimmerby	Kalmar	city-in-state
Västerås	Västmanland	Vibble	Gotland	city-in-state
Västerås	Västmanland	Lessebo	Kronoberg	city-in-state
Göteborg	Västra Götaland	Kalmar	Kalmar	city-in-state
Göteborg	Västra Götaland	Uppsala	Uppsala	city-in-state
Göteborg	Västra Götaland	Västerås	Västmanland	city-in-state
Göteborg	Västra Götaland	Märsta	Stockholm	city-in-state
Göteborg	Västra Götaland	Vallentuna	Stockholm	city-in-state
Göteborg	Västra Götaland	Nybro	Kalmar	city-in-state
Göteborg	Västra Götaland	Lessebo	Kronoberg	city-in-state
Örebro	Örebro	Falun	Dalarna	city-in-state
Örebro	Örebro	Östersund	Jämtland	city-in-state
Örebro	Örebro	Boden	Norrbotten	city-in-state
Linköping	Östergötland	Växjö	Kronoberg	city-in-state
Linköping	Östergötland	Nyköping	Södermanland	city-in-state
Linköping	Östergötland	Tierp	Uppsala	city-in-state
Linköping	Östergötland	Hylte	Halland	city-in-state
Linköping	Östergötland	Laholm	Halland	city-in-state
Ronneby	Blekinge	Visby	Gotland	city-in-state
Ronneby	Blekinge	Linköping	Östergötland	city-in-state
Ronneby	Blekinge	Piteå	Norrbotten	city-in-state
Ronneby	Blekinge	Jordbro	Stockholm	city-in-state
Ronneby	Blekinge	Vallentuna	Stockholm	city-in-state
Ronneby	Blekinge	Ekerö	Stockholm	city-in-state
Karlshamn	Blekinge	Visby	Gotland	city-in-state
Karlshamn	Blekinge	Jönköping	Jönköping	city-in-state
Karlshamn	Blekinge	Göteborg	Västra Götaland	city-in-state
Karlshamn	Blekinge	Kiruna	Norrbotten	city-in-state
Karlshamn	Blekinge	Piteå	Norrbotten	city-in-state
Karlshamn	Blekinge	Ekerö	Stockholm	city-in-state
Karlshamn	Blekinge	Tierp	Uppsala	city-in-state
Karlshamn	Blekinge	Laholm	Halland	city-in-state
Karlshamn	Blekinge	Lessebo	Kronoberg	city-in-state
Kiruna	Norrbotten	Kalmar	Kalmar	city-in-state
Kiruna	Norrbotten	Karlstad	Värmland	city-in-state
Kiruna	Norrbotten	Västerås	Västmanland	city-in-state
Kiruna	Norrbotten	Karlshamn	Blekinge	city-in-state
Boden	Norrbotten	Luleå	Norrbotten	city-in-state
Boden	Norrbotten	Uppsala	Uppsala	city-in-state
Boden	Norrbotten	Umeå	Västerbotten	city-in-state
Boden	Norrbotten	Karlshamn	Blekinge	city-in-state
Boden	Norrbotten	Nybro	Kalmar	city-in-state
Boden	Norrbotten	Alvesta	Kronoberg	city-in-state
Piteå	Norrbotten	Luleå	Norrbotten	city-in-state
Piteå	Norrbotten	Umeå	Västerbotten	city-in-state
Piteå	Norrbotten	Västerås	Västmanland	city-in-state
Piteå	Norrbotten	Göteborg	Västra Götaland	city-in-state
Piteå	Norrbotten	Hylte	Halland	city-in-state
Piteå	Norrbotten	Slite	Gotland	city-in-state
Piteå	Norrbotten	Vibble	Gotland	city-in-state
Tumba	Stockholm	Falun	Dalarna	city-in-state
Tumba	Stockholm	Hylte	Halland	city-in-state
Tumba	Stockholm	Laholm	Halland	city-in-state
Märsta	Stockholm	Karlskrona	Blekinge	city-in-state
Märsta	Stockholm	Stockholm	Stockholm	city-in-state
Märsta	Stockholm	Uppsala	Uppsala	city-in-state
Märsta	Stockholm	Örebro	Örebro	city-in-state
Märsta	Stockholm	Kiruna	Norrbotten	city-in-state
Märsta	Stockholm	Boden	Norrbotten	city-in-state
Märsta	Stockholm	Tumba	Stockholm	city-in-state
Märsta	Stockholm	Hylte	Halland	city-in-state
Märsta	Stockholm	Alvesta	Kronoberg	city-in-state
Jordbro	Stockholm	Falun	Dalarna	city-in-state
Jordbro	Stockholm	Visby	Gotland	city-in-state
Jordbro	Stockholm	Luleå	Norrbotten	city-in-state
Jordbro	Stockholm	Ekerö	Stockholm	city-in-state
Jordbro	Stockholm	Knivsta	Uppsala	city-in-state
Jordbro	Stockholm	Slite	Gotland	city-in-state
Vallentuna	Stockholm	Halmstad	Halland	city-in-state
Vallentuna	Stockholm	Uppsala	Uppsala	city-in-state
Vallentuna	Stockholm	Kiruna	Norrbotten	city-in-state
Vallentuna	Stockholm	Tumba	Stockholm	city-in-state
Vallentuna	Stockholm	Märsta	Stockholm	city-in-state
Vallentuna	Stockholm	Vibble	Gotland	city-in-state
Vallentuna	Stockholm	Lessebo	Kronoberg	city-in-state
Ekerö	Stockholm	Karlskrona	Blekinge	city-in-state
Ekerö	Stockholm	Gävle	Gävleborg	city-in-state
Ekerö	Stockholm	Nyköping	Södermanland	city-in-state
Ekerö	Stockholm	Karlstad	Värmland	city-in-state
Ekerö	Stockholm	Tierp	Uppsala	city-in-state
Ekerö	Stockholm	Knivsta	Uppsala	city-in-state
Ekerö	Stockholm	Vimmerby	Kalmar	city-in-state
Ekerö	Stockholm	Alvesta	Kronoberg	city-in-state
Kungsängen	Stockholm	Falun	Dalarna	city-in-state
Kungsängen	Stockholm	Östersund	Jämtland	city-in-state
Kungsängen	Stockholm	Stockholm	Stockholm	city-in-state
Kungsängen	Stockholm	Karlshamn	Blekinge	city-in-state
Kungsängen	Stockholm	Jordbro	Stockholm	city-in-state
Tierp	Uppsala	Göteborg	Västra Götaland	city-in-state
Tierp	Uppsala	Linköping	Östergötland	city-in-state
Tierp	Uppsala	Ronneby	Blekinge	city-in-state
Tierp	Uppsala	Kiruna	Norrbotten	city-in-state
Håbo	Uppsala	Gävle	Gävleborg	city-in-state
Håbo	Uppsala	Malmö	Skåne	city-in-state
Håbo	Uppsala	Vibble	Gotland	city-in-state
Knivsta	Uppsala	Karlskrona	Blekinge	city-in-state
Knivsta	Uppsala	Jönköping	Jönköping	city-in-state
Knivsta	Uppsala	Växjö	Kronoberg	city-in-state
Knivsta	Uppsala	Stockholm	Stockholm	city-in-state
Knivsta	Uppsala	Härnösand	Västernorrland	city-in-state
Knivsta	Uppsala	Västerås	Västmanland	city-in-state
Knivsta	Uppsala	Kiruna	Norrbotten	city-in-state
Knivsta	Uppsala	Håbo	Uppsala	city-in-state
Hylte	Halland	Visby	Gotland	city-in-state
Hylte	Halland	Stockholm	Stockholm	city-in-state
Nybro	Kalmar	Karlstad	Värmland	city-in-state
Nybro	Kalmar	Göteborg	Västra Götaland	city-in-state
Nybro	Kalmar	Piteå	Norrbotten	city-in-state
Nybro	Kalmar	Slite	Gotland	city-in-state
Vimmerby	Kalmar	Kalmar	Kalmar	city-in-state
Vimmerby	Kalmar	Tumba	Stockholm	city-in-state
Hemse	Gotland	Visby	Gotland	city-in-state
Hemse	Gotland	Jönköping	Jönköping	city-in-state
Hemse	Gotland	Malmö	Skåne	city-in-state
Hemse	Gotland	Umeå	Västerbotten	city-in-state
Hemse	Gotland	Lessebo	Kronoberg	city-in-state
Slite	Gotland	Västerås	Västmanland	city-in-state
Vibble	Gotland	Gävle	Gävleborg	city-in-state
Vibble	Gotland	Jönköping	Jönköping	city-in-state
Vibble	Gotland	Västerås	Västmanland	city-in-state
Vibble	Gotland	Karlshamn	Blekinge	city-in-state
Vibble	Gotland	Kiruna	Norrbotten	city-in-state
Vibble	Gotland	Boden	Norrbotten	city-in-state
Vibble	Gotland	Piteå	Norrbotten	city-in-state
Vibble	Gotland	Lessebo	Kronoberg	city-in-state
Lessebo	Kronoberg	Halmstad	Halland	city-in-state
Lessebo	Kronoberg	Luleå	Norrbotten	city-in-state
Lessebo	Kronoberg	Umeå	Västerbotten	city-in-state
Lessebo	Kronoberg	Linköping	Östergötland	city-in-state
Lessebo	Kronoberg	Kiruna	Norrbotten	city-in-state
Lessebo	Kronoberg	Boden	Norrbotten	city-in-state
Alvesta	Kronoberg	Kalmar	Kalmar	city-in-state
Alvesta	Kronoberg	Härnösand	Västernorrland	city-in-state
Alvesta	Kronoberg	Örebro	Örebro	city-in-state
Alvesta	Kronoberg	Ronneby	Blekinge	city-in-state
Alvesta	Kronoberg	Laholm	Halland	city-in-state
Alvesta	Kronoberg	Vibble	Gotland	city-in-state
bror	syster	make	maka	family
bror	syster	dotterson	dotterdotter	family
bror	syster	morbror	moster	family
hans	hennes	han	hon	family
hans	hennes	kung	drottning	family
hans	hennes	son	dotter	family
hans	hennes	farbror	faster	family
kung	drottning	farfar	farmor	family
kung	drottning	man	kvinna	family
kung	drottning	farbror	faster	family
farfar	farmor	bror	syster	family
farfar	farmor	pojke	flicka	family
farfar	farmor	prins	prinsessa	family
man	kvinna	son	dotter	family
son	dotter	farfar	farmor	family
prins	prinsessa	far	mor	family
prins	prinsessa	son	dotter	family
prins	prinsessa	farbror	faster	family
prins	prinsessa	morbror	moster	family
farbror	faster	far	mor	family
make	maka	prins	prinsessa	family
morfar	mormor	farbror	faster	family
herre	dam	bror	syster	family
sonson	sondotter	man	kvinna	family
dotterson	dotterdotter	han	hon	family
dotterson	dotterdotter	morfar	mormor	family
morbror	moster	far	mor	family
medveten	omedveten	rimlig	orimlig	gram2-opposite
medveten	omedveten	trevlig	otrevlig	gram2-opposite
medveten	omedveten	ansvarig	oansvarig	gram2-opposite
medveten	omedveten	viktig	oviktig	gram2-opposite
medveten	omedveten	svår	enkel	gram2-opposite
medveten	omedveten	vit	svart	gram2-opposite
medveten	omedveten	ren	smutsig	gram2-opposite
lycklig	olycklig	artig	oartig	gram2-opposite
lycklig	olycklig	rimlig	orimlig	gram2-opposite
lycklig	olycklig	ung	gammal	gram2-opposite
lycklig	olycklig	tjock	smal	gram2-opposite
lycklig	olycklig	frisk	sjuk	gram2-opposite
lycklig	olycklig	kraftig	svag	gram2-opposite
artig	oartig	effektiv	ineffektiv	gram2-opposite
artig	oartig	känd	okänd	gram2-opposite
artig	oartig	klar	oklar	gram2-opposite
artig	oartig	viss	oviss	gram2-opposite
artig	oartig	sen	tidig	gram2-opposite
artig	oartig	svår	enkel	gram2-opposite
artig	oartig	svår	lätt	gram2-opposite
artig	oartig	kort	lång	gram2-opposite
härlig	förfärlig	moralisk	omoralisk	gram2-opposite
härlig	förfärlig	känd	okänd	gram2-opposite
härlig	förfärlig	möjlig	omöjlig	gram2-opposite
härlig	förfärlig	kort	lång	gram2-opposite
härlig	förfärlig	dyr	billig	gram2-opposite
härlig	förfärlig	mörk	ljus	gram2-opposite
bekväm	obekväm	trevlig	otrevlig	gram2-opposite
bekväm	obekväm	bra	dålig	gram2-opposite
bekväm	obekväm	snabb	långsam	gram2-opposite
bekväm	obekväm	frisk	sjuk	gram2-opposite
bekväm	obekväm	bullrig	tyst	gram2-opposite
konsekvent	inkonsekvent	säker	osäker	gram2-opposite
konsekvent	inkonsekvent	ärlig	oärlig	gram2-opposite
konsekvent	inkonsekvent	ny	gammal	gram2-opposite
konsekvent	inkonsekvent	viktig	oviktig	gram2-opposite
konsekvent	inkonsekvent	vit	svart	gram2-opposite
konsekvent	inkonsekvent	bitter	söt	gram2-opposite
konsekvent	inkonsekvent	frisk	sjuk	gram2-opposite
konsekvent	inkonsekvent	delvis	total	gram2-opposite
effektiv	ineffektiv	vanlig	ovanlig	gram2-opposite
effektiv	ineffektiv	rimlig	orimlig	gram2-opposite
effektiv	ineffektiv	ny	gammal	gram2-opposite
moralisk	omoralisk	logisk	ologisk	gram2-opposite
moralisk	omoralisk	rationell	irrationell	gram2-opposite
moralisk	omoralisk	kall	varm	gram2-opposite
moralisk	omoralisk	frisk	sjuk	gram2-opposite
känd	okänd	rimlig	orimlig	gram2-opposite
känd	okänd	rimlig	orimlig	gram2-opposite
känd	okänd	ung	gammal	gram2-opposite
känd	okänd	vacker	ful	gram2-opposite
känd	okänd	viktig	oviktig	gram2-opposite
känd	okänd	vit	svart	gram2-opposite
känd	okänd	lik	olik	gram2-opposite
känd	okänd	bitter	söt	gram2-opposite
känd	okänd	frisk	sjuk	gram2-opposite
känd	okänd	bullrig	tyst	gram2-opposite
rimlig	orimlig	härlig	förfärlig	gram2-opposite
rimlig	orimlig	svår	enkel	gram2-opposite
rimlig	orimlig	lik	olik	gram2-opposite
rimlig	orimlig	öppen	stängd	gram2-opposite
logisk	ologisk	säker	osäker	gram2-opposite
logisk	ologisk	ärlig	oärlig	gram2-opposite
logisk	ologisk	ung	gammal	gram2-opposite
logisk	ologisk	liten	stor	gram2-opposite
logisk	ologisk	vacker	ful	gram2-opposite
logisk	ologisk	fel	rätt	gram2-opposite
möjlig	omöjlig	konsekvent	inkonsekvent	gram2-opposite
möjlig	omöjlig	trevlig	otrevlig	gram2-opposite
möjlig	omöjlig	delvis	total	gram2-opposite
rationell	irrationell	rimlig	orimlig	gram2-opposite
rationell	irrationell	turlig	oturlig	gram2-opposite
rationell	irrationell	ärlig	oärlig	gram2-opposite
rationell	irrationell	trolig	otrolig	gram2-opposite
rationell	irrationell	liten	stor	gram2-opposite
rationell	irrationell	kort	lång	gram2-opposite
rimlig	orimlig	härlig	förfärlig	gram2-opposite
rimlig	orimlig	ny	gammal	gram2-opposite
rimlig	orimlig	viktig	oviktig	gram2-opposite
rimlig	orimlig	frisk	sjuk	gram2-opposite
rimlig	orimlig	få	många	gram2-opposite
säker	osäker	rationell	irrationell	gram2-opposite
säker	osäker	trolig	otrolig	gram2-opposite
säker	osäker	rimlig	orimlig	gram2-opposite
säker	osäker	ansvarig	oansvarig	gram2-opposite
säker	osäker	låg	hög	gram2-opposite
säker	osäker	lik	olik	gram2-opposite
klar	oklar	lycklig	olycklig	gram2-opposite
klar	oklar	artig	oartig	gram2-opposite
klar	oklar	effektiv	ineffektiv	gram2-opposite
klar	oklar	svår	lätt	gram2-opposite
klar	oklar	vit	svart	gram2-opposite
klar	oklar	kraftig	svag	gram2-opposite
turlig	oturlig	lycklig	olycklig	gram2-opposite
turlig	oturlig	härlig	förfärlig	gram2-opposite
turlig	oturlig	konsekvent	inkonsekvent	gram2-opposite
turlig	oturlig	klar	oklar	gram2-opposite
turlig	oturlig	vit	svart	gram2-opposite
turlig	oturlig	fel	rätt	gram2-opposite
turlig	oturlig	bitter	söt	gram2-opposite
ärlig	oärlig	ansvarig	oansvarig	gram2-opposite
ärlig	oärlig	ny	gammal	gram2-opposite
ärlig	oärlig	vit	svart	gram2-opposite
ärlig	oärlig	få	många	gram2-opposite
trolig	otrolig	lycklig	olycklig	gram2-opposite
trolig	otrolig	ny	gammal	gram2-opposite
trolig	otrolig	viktig	oviktig	gram2-opposite
trolig	otrolig	kall	varm	gram2-opposite
trolig	otrolig	vit	svart	gram2-opposite
trolig	otrolig	öppen	stängd	gram2-opposite
vanlig	ovanlig	medveten	omedveten	gram2-opposite
vanlig	ovanlig	rimlig	orimlig	gram2-opposite
vanlig	ovanlig	turlig	oturlig	gram2-opposite
vanlig	ovanlig	viktig	oviktig	gram2-opposite
vanlig	ovanlig	få	många	gram2-opposite
vanlig	ovanlig	delvis	total	gram2-opposite
trevlig	otrevlig	artig	oartig	gram2-opposite
trevlig	otrevlig	ren	smutsig	gram2-opposite
trevlig	otrevlig	bullrig	tyst	gram2-opposite
trevlig	otrevlig	få	många	gram2-opposite
rimlig	orimlig	trolig	otrolig	gram2-opposite
rimlig	orimlig	tjock	smal	gram2-opposite
ansvarig	oansvarig	konsekvent	inkonsekvent	gram2-opposite
ansvarig	oansvarig	säker	osäker	gram2-opposite
ansvarig	oansvarig	ärlig	oärlig	gram2-opposite
ansvarig	oansvarig	dyr	billig	gram2-opposite
ansvarig	oansvarig	frisk	sjuk	gram2-opposite
viss	oviss	ärlig	oärlig	gram2-opposite
viss	oviss	trevlig	otrevlig	gram2-opposite
viss	oviss	liten	stor	gram2-opposite
viss	oviss	sen	tidig	gram2-opposite
viss	oviss	vit	svart	gram2-opposite
viss	oviss	låg	hög	gram2-opposite
viss	oviss	få	många	gram2-opposite
viss	oviss	delvis	total	gram2-opposite
ny	gammal	rimlig	orimlig	gram2-opposite
ny	gammal	ansvarig	oansvarig	gram2-opposite
ny	gammal	viss	oviss	gram2-opposite
ny	gammal	ung	gammal	gram2-opposite
ny	gammal	kall	varm	gram2-opposite
ny	gammal	tjock	smal	gram2-opposite
ny	gammal	dyr	billig	gram2-opposite
ung	gammal	konsekvent	inkonsekvent	gram2-opposite
ung	gammal	tjock	smal	gram2-opposite
ung	gammal	dyr	billig	gram2-opposite
ung	gammal	bullrig	tyst	gram2-opposite
liten	stor	härlig	förfärlig	gram2-opposite
liten	stor	rimlig	orimlig	gram2-opposite
liten	stor	säker	osäker	gram2-opposite
liten	stor	dyr	billig	gram2-opposite
sen	tidig	moralisk	omoralisk	gram2-opposite
sen	tidig	säker	osäker	gram2-opposite
sen	tidig	svår	lätt	gram2-opposite
sen	tidig	kort	lång	gram2-opposite
sen	tidig	lik	olik	gram2-opposite
vacker	ful	möjlig	omöjlig	gram2-opposite
vacker	ful	rimlig	orimlig	gram2-opposite
vacker	ful	trolig	otrolig	gram2-opposite
vacker	ful	rimlig	orimlig	gram2-opposite
vacker	ful	sen	tidig	gram2-opposite
vacker	ful	svår	lätt	gram2-opposite
viktig	oviktig	medveten	omedveten	gram2-opposite
viktig	oviktig	bekväm	obekväm	gram2-opposite
viktig	oviktig	ung	gammal	gram2-opposite
viktig	oviktig	liten	stor	gram2-opposite
viktig	oviktig	kort	lång	gram2-opposite
viktig	oviktig	fel	rätt	gram2-opposite
svår	enkel	bekväm	obekväm	gram2-opposite
svår	enkel	sen	tidig	gram2-opposite
svår	enkel	lik	olik	gram2-opposite
svår	enkel	våt	torr	gram2-opposite
svår	lätt	viktig	oviktig	gram2-opposite
svår	lätt	dyr	billig	gram2-opposite
svår	lätt	fel	rätt	gram2-opposite
svår	lätt	frisk	sjuk	gram2-opposite
svår	lätt	mörk	ljus	gram2-opposite
svår	lätt	delvis	total	gram2-opposite
kall	varm	konsekvent	inkonsekvent	gram2-opposite
kall	varm	rationell	irrationell	gram2-opposite
kall	varm	ny	gammal	gram2-opposite
kall	varm	vit	svart	gram2-opposite
kall	varm	lik	olik	gram2-opposite
kall	varm	våt	torr	gram2-opposite
vit	svart	effektiv	ineffektiv	gram2-opposite
vit	svart	moralisk	omoralisk	gram2-opposite
vit	svart	säker	osäker	gram2-opposite
vit	svart	sen	tidig	gram2-opposite
vit	svart	tjock	smal	gram2-opposite
tjock	smal	bekväm	obekväm	gram2-opposite
tjock	smal	säker	osäker	gram2-opposite
tjock	smal	turlig	oturlig	gram2-opposite
tjock	smal	trolig	otrolig	gram2-opposite
tjock	smal	mörk	ljus	gram2-opposite
tjock	smal	våt	torr	gram2-opposite
tjock	smal	få	många	gram2-opposite
kort	lång	effektiv	ineffektiv	gram2-opposite
kort	lång	klar	oklar	gram2-opposite
kort	lång	trevlig	otrevlig	gram2-opposite
kort	lång	ansvarig	oansvarig	gram2-opposite
kort	lång	dyr	billig	gram2-opposite
låg	hög	känd	okänd	gram2-opposite
låg	hög	vanlig	ovanlig	gram2-opposite
låg	hög	trevlig	otrevlig	gram2-opposite
låg	hög	bitter	söt	gram2-opposite
låg	hög	bullrig	tyst	gram2-opposite
låg	hög	kraftig	svag	gram2-opposite
låg	hög	våt	torr	gram2-opposite
låg	hög	delvis	total	gram2-opposite
bra	dålig	rationell	irrationell	gram2-opposite
bra	dålig	trevlig	otrevlig	gram2-opposite
bra	dålig	ny	gammal	gram2-opposite
bra	dålig	vit	svart	gram2-opposite
bra	dålig	mörk	ljus	gram2-opposite
dyr	billig	ärlig	oärlig	gram2-opposite
dyr	billig	bra	dålig	gram2-opposite
dyr	billig	fel	rätt	gram2-opposite
dyr	billig	våt	torr	gram2-opposite
lik	olik	härlig	förfärlig	gram2-opposite
lik	olik	rimlig	orimlig	gram2-opposite
lik	olik	bra	dålig	gram2-opposite
lik	olik	bitter	söt	gram2-opposite
lik	olik	bullrig	tyst	gram2-opposite
fel	rätt	bekväm	obekväm	gram2-opposite
fel	rätt	logisk	ologisk	gram2-opposite
fel	rätt	säker	osäker	gram2-opposite
fel	rätt	våt	torr	gram2-opposite
öppen	stängd	medveten	omedveten	gram2-opposite
öppen	stängd	moralisk	omoralisk	gram2-opposite
öppen	stängd	logisk	ologisk	gram2-opposite
öppen	stängd	rimlig	orimlig	gram2-opposite
öppen	stängd	vit	svart	gram2-opposite
öppen	stängd	tjock	smal	gram2-opposite
öppen	stängd	låg	hög	gram2-opposite
öppen	stängd	bullrig	tyst	gram2-opposite
öppen	stängd	kraftig	svag	gram2-opposite
snabb	långsam	konsekvent	inkonsekvent	gram2-opposite
snabb	långsam	rationell	irrationell	gram2-opposite
snabb	långsam	dyr	billig	gram2-opposite
snabb	långsam	mörk	ljus	gram2-opposite
bitter	söt	artig	oartig	gram2-opposite
bitter	söt	konsekvent	inkonsekvent	gram2-opposite
bitter	söt	möjlig	omöjlig	gram2-opposite
bitter	söt	trevlig	otrevlig	gram2-opposite
bitter	söt	rimlig	orimlig	gram2-opposite
bitter	söt	svår	enkel	gram2-opposite
frisk	sjuk	medveten	omedveten	gram2-opposite
frisk	sjuk	moralisk	omoralisk	gram2-opposite
frisk	sjuk	vacker	ful	gram2-opposite
frisk	sjuk	kall	varm	gram2-opposite
frisk	sjuk	våt	torr	gram2-opposite
mörk	ljus	turlig	oturlig	gram2-opposite
mörk	ljus	ny	gammal	gram2-opposite
mörk	ljus	snabb	långsam	gram2-opposite
mörk	ljus	frisk	sjuk	gram2-opposite
ren	smutsig	effektiv	ineffektiv	gram2-opposite
ren	smutsig	rimlig	orimlig	gram2-opposite
ren	smutsig	kall	varm	gram2-opposite
bullrig	tyst	möjlig	omöjlig	gram2-opposite
bullrig	tyst	viss	oviss	gram2-opposite
bullrig	tyst	kall	varm	gram2-opposite
bullrig	tyst	ren	smutsig	gram2-opposite
kraftig	svag	viss	oviss	gram2-opposite
kraftig	svag	kort	lång	gram2-opposite
våt	torr	känd	okänd	gram2-opposite
våt	torr	vit	svart	gram2-opposite
våt	torr	bitter	söt	gram2-opposite
få	många	sen	tidig	gram2-opposite
få	många	våt	torr	gram2-opposite
delvis	total	kall	varm	gram2-opposite
delvis	total	vit	svart	gram2-opposite
delvis	total	bullrig	tyst	gram2-opposite
dålig	sämre	billig	billigare	gram3-comparative
dålig	sämre	söt	sötare	gram3-comparative
dålig	sämre	tung	tyngre	gram3-comparative
stor	större	grov	grövre	gram3-comparative
stor	större	kort	kortare	gram3-comparative
stor	större	liten	mindre	gram3-comparative
stor	större	tung	tyngre	gram3-comparative
stor	större	svart	svartare	gram3-comparative
stor	större	fet	fetare	gram3-comparative
billig	billigare	lätt	lättare	gram3-comparative
kylig	kyligare	snabb	snabbare	gram3-comparative
kylig	kyligare	enkel	enklare	gram3-comparative
kylig	kyligare	stark	starkare	gram3-comparative
kylig	kyligare	tung	tyngre	gram3-comparative
kylig	kyligare	smal	smalare	gram3-comparative
kylig	kyligare	grön	grönare	gram3-comparative
kylig	kyligare	rik	rikare	gram3-comparative
lätt	lättare	liten	mindre	gram3-comparative
lätt	lättare	ful	fulare	gram3-comparative
lätt	lättare	grön	grönare	gram3-comparative
snabb	snabbare	billig	billigare	gram3-comparative
snabb	snabbare	enkel	enklare	gram3-comparative
snabb	snabbare	svag	svagare	gram3-comparative
snabb	snabbare	söt	sötare	gram3-comparative
snabb	snabbare	rik	rikare	gram3-comparative
bra	bättre	gammal	äldre	gram3-comparative
bra	bättre	rik	rikare	gram3-comparative
grov	grövre	snabb	snabbare	gram3-comparative
grov	grövre	långsam	långsammare	gram3-comparative
grov	grövre	söt	sötare	gram3-comparative
hög	högre	svag	svagare	gram3-comparative
hög	högre	klok	klokare	gram3-comparative
hög	högre	vild	vildare	gram3-comparative
gammal	äldre	kort	kortare	gram3-comparative
gammal	äldre	söt	sötare	gram3-comparative
gammal	äldre	vit	vitare	gram3-comparative
kort	kortare	låg	lägre	gram3-comparative
kort	kortare	smart	smartare	gram3-comparative
enkel	enklare	ny	nyare	gram3-comparative
enkel	enklare	skarp	skarpare	gram3-comparative
enkel	enklare	ung	yngre	gram3-comparative
enkel	enklare	tung	tyngre	gram3-comparative
sen	senare	dålig	sämre	gram3-comparative
sen	senare	stark	starkare	gram3-comparative
sen	senare	hård	hårdare	gram3-comparative
varm	varmare	gammal	äldre	gram3-comparative
varm	varmare	fattig	fattigare	gram3-comparative
varm	varmare	söt	sötare	gram3-comparative
varm	varmare	klok	klokare	gram3-comparative
varm	varmare	hård	hårdare	gram3-comparative
varm	varmare	tjock	tjockare	gram3-comparative
varm	varmare	rik	rikare	gram3-comparative
lång	längre	billig	billigare	gram3-comparative
lång	längre	låg	lägre	gram3-comparative
lång	längre	hård	hårdare	gram3-comparative
lång	längre	vit	vitare	gram3-comparative
lång	längre	sexig	sexigare	gram3-comparative
låg	lägre	snabb	snabbare	gram3-comparative
låg	lägre	hög	högre	gram3-comparative
låg	lägre	tuff	tuffare	gram3-comparative
låg	lägre	varm	varmare	gram3-comparative
låg	lägre	bred	bredare	gram3-comparative
låg	lägre	söt	sötare	gram3-comparative
låg	lägre	smal	smalare	gram3-comparative
låg	lägre	fet	fetare	gram3-comparative
ny	nyare	stark	starkare	gram3-comparative
ny	nyare	lätt	lättare	gram3-comparative
ny	nyare	vild	vildare	gram3-comparative
fattig	fattigare	lätt	lättare	gram3-comparative
fattig	fattigare	snabb	snabbare	gram3-comparative
fattig	fattigare	kort	kortare	gram3-comparative
fattig	fattigare	långsam	långsammare	gram3-comparative
fattig	fattigare	klok	klokare	gram3-comparative
fattig	fattigare	vit	vitare	gram3-comparative
fattig	fattigare	sexig	sexigare	gram3-comparative
fattig	fattigare	smal	smalare	gram3-comparative
säker	säkrare	sen	senare	gram3-comparative
säker	säkrare	trevlig	trevligare	gram3-comparative
säker	säkrare	fet	fetare	gram3-comparative
skarp	skarpare	snabb	snabbare	gram3-comparative
skarp	skarpare	kort	kortare	gram3-comparative
skarp	skarpare	svag	svagare	gram3-comparative
skarp	skarpare	ung	yngre	gram3-comparative
skarp	skarpare	fet	fetare	gram3-comparative
skarp	skarpare	grön	grönare	gram3-comparative
långsam	långsammare	dålig	sämre	gram3-comparative
långsam	långsammare	gammal	äldre	gram3-comparative
långsam	långsammare	varm	varmare	gram3-comparative
långsam	långsammare	bred	bredare	gram3-comparative
långsam	långsammare	ung	yngre	gram3-comparative
långsam	långsammare	sexig	sexigare	gram3-comparative
liten	mindre	skarp	skarpare	gram3-comparative
liten	mindre	söt	sötare	gram3-comparative
smart	smartare	varm	varmare	gram3-comparative
smart	smartare	söt	sötare	gram3-comparative
smart	smartare	rik	rikare	gram3-comparative
stark	starkare	lång	längre	gram3-comparative
stark	starkare	säker	säkrare	gram3-comparative
stark	starkare	långsam	långsammare	gram3-comparative
stark	starkare	smart	smartare	gram3-comparative
stark	starkare	trevlig	trevligare	gram3-comparative
stark	starkare	hård	hårdare	gram3-comparative
tajt	tajtare	billig	billigare	gram3-comparative
tajt	tajtare	enkel	enklare	gram3-comparative
tajt	tajtare	hård	hårdare	gram3-comparative
tajt	tajtare	vild	vildare	gram3-comparative
tuff	tuffare	kylig	kyligare	gram3-comparative
tuff	tuffare	djup	djupare	gram3-comparative
tuff	tuffare	tjock	tjockare	gram3-comparative
varm	varmare	billig	billigare	gram3-comparative
varm	varmare	kort	kortare	gram3-comparative
varm	varmare	klok	klokare	gram3-comparative
varm	varmare	tung	tyngre	gram3-comparative
varm	varmare	svart	svartare	gram3-comparative
varm	varmare	fet	fetare	gram3-comparative
svag	svagare	stor	större	gram3-comparative
svag	svagare	stark	starkare	gram3-comparative
svag	svagare	varm	varmare	gram3-comparative
svag	svagare	tung	tyngre	gram3-comparative
svag	svagare	lätt	lättare	gram3-comparative
svag	svagare	svart	svartare	gram3-comparative
bred	bredare	varm	varmare	gram3-comparative
bred	bredare	tuff	tuffare	gram3-comparative
bred	bredare	varm	varmare	gram3-comparative
bred	bredare	sexig	sexigare	gram3-comparative
ung	yngre	varm	varmare	gram3-comparative
ung	yngre	ful	fulare	gram3-comparative
ung	yngre	djup	djupare	gram3-comparative
ung	yngre	lätt	lättare	gram3-comparative
ung	yngre	hård	hårdare	gram3-comparative
ung	yngre	vit	vitare	gram3-comparative
ung	yngre	svart	svartare	gram3-comparative
ung	yngre	vild	vildare	gram3-comparative
ung	yngre	fet	fetare	gram3-comparative
ful	fulare	sen	senare	gram3-comparative
ful	fulare	ny	nyare	gram3-comparative
ful	fulare	fattig	fattigare	gram3-comparative
ful	fulare	stark	starkare	gram3-comparative
djup	djupare	snabb	snabbare	gram3-comparative
djup	djupare	långsam	långsammare	gram3-comparative
djup	djupare	ful	fulare	gram3-comparative
djup	djupare	tung	tyngre	gram3-comparative
djup	djupare	hård	hårdare	gram3-comparative
söt	sötare	dålig	sämre	gram3-comparative
söt	sötare	snabb	snabbare	gram3-comparative
söt	sötare	fattig	fattigare	gram3-comparative
trevlig	trevligare	billig	billigare	gram3-comparative
trevlig	trevligare	enkel	enklare	gram3-comparative
trevlig	trevligare	skarp	skarpare	gram3-comparative
trevlig	trevligare	rik	rikare	gram3-comparative
klok	klokare	bra	bättre	gram3-comparative
klok	klokare	långsam	långsammare	gram3-comparative
klok	klokare	smart	smartare	gram3-comparative
klok	klokare	tajt	tajtare	gram3-comparative
klok	klokare	djup	djupare	gram3-comparative
klok	klokare	vit	vitare	gram3-comparative
tung	tyngre	lång	längre	gram3-comparative
tung	tyngre	långsam	långsammare	gram3-comparative
tung	tyngre	liten	mindre	gram3-comparative
tung	tyngre	stark	starkare	gram3-comparative
tung	tyngre	vit	vitare	gram3-comparative
tung	tyngre	sexig	sexigare	gram3-comparative
tung	tyngre	tjock	tjockare	gram3-comparative
tung	tyngre	rik	rikare	gram3-comparative
lätt	lättare	varm	varmare	gram3-comparative
lätt	lättare	svag	svagare	gram3-comparative
lätt	lättare	tung	tyngre	gram3-comparative
lätt	lättare	sexig	sexigare	gram3-comparative
hård	hårdare	dålig	sämre	gram3-comparative
hård	hårdare	kort	kortare	gram3-comparative
hård	hårdare	ny	nyare	gram3-comparative
hård	hårdare	fattig	fattigare	gram3-comparative
hård	hårdare	stark	starkare	gram3-comparative
hård	hårdare	tung	tyngre	gram3-comparative
vit	vitare	kylig	kyligare	gram3-comparative
vit	vitare	lätt	lättare	gram3-comparative
vit	vitare	enkel	enklare	gram3-comparative
vit	vitare	ny	nyare	gram3-comparative
vit	vitare	säker	säkrare	gram3-comparative
vit	vitare	stark	starkare	gram3-comparative
svart	svartare	dålig	sämre	gram3-comparative
svart	svartare	lätt	lättare	gram3-comparative
svart	svartare	varm	varmare	gram3-comparative
svart	svartare	ny	nyare	gram3-comparative
svart	svartare	skarp	skarpare	gram3-comparative
svart	svartare	svag	svagare	gram3-comparative
sexig	sexigare	gammal	äldre	gram3-comparative
sexig	sexigare	kort	kortare	gram3-comparative
sexig	sexigare	sen	senare	gram3-comparative
sexig	sexigare	fattig	fattigare	gram3-comparative
sexig	sexigare	klok	klokare	gram3-comparative
sexig	sexigare	lätt	lättare	gram3-comparative
vild	vildare	stark	starkare	gram3-comparative
vild	vildare	klok	klokare	gram3-comparative
vild	vildare	smal	smalare	gram3-comparative
vild	vildare	tjock	tjockare	gram3-comparative
vild	vildare	grön	grönare	gram3-comparative
smal	smalare	kylig	kyligare	gram3-comparative
smal	smalare	kort	kortare	gram3-comparative
smal	smalare	lång	längre	gram3-comparative
smal	smalare	låg	lägre	gram3-comparative
smal	smalare	skarp	skarpare	gram3-comparative
smal	smalare	klok	klokare	gram3-comparative
smal	smalare	lätt	lättare	gram3-comparative
tjock	tjockare	dålig	sämre	gram3-comparative
tjock	tjockare	svart	svartare	gram3-comparative
tjock	tjockare	sexig	sexigare	gram3-comparative
fet	fetare	trevlig	trevligare	gram3-comparative
grön	grönare	dålig	sämre	gram3-comparative
grön	grönare	snabb	snabbare	gram3-comparative
grön	grönare	grov	grövre	gram3-comparative
grön	grönare	hög	högre	gram3-comparative
grön	grönare	kort	kortare	gram3-comparative
grön	grönare	sen	senare	gram3-comparative
grön	grönare	lång	längre	gram3-comparative
grön	grönare	smal	smalare	gram3-comparative
rik	rikare	lätt	lättare	gram3-comparative
rik	rikare	kort	kortare	gram3-comparative
stor	störst	svag	svagast	gram4-superlative
stor	störst	bra	bäst	gram4-superlative
stor	störst	enkel	enklast	gram4-superlative
stor	störst	smart	smartast	gram4-superlative
dålig	sämst	liten	minst	gram4-superlative
dålig	sämst	varm	varmast	gram4-superlative
dålig	sämst	ung	yngst	gram4-superlative
dålig	sämst	svart	svartast	gram4-superlative
dålig	sämst	tjock	tjockast	gram4-superlative
dålig	sämst	grön	grönast	gram4-superlative
svag	svagast	skarp	skarpast	gram4-superlative
svag	svagast	stark	starkast	gram4-superlative
svag	svagast	tajt	tajtast	gram4-superlative
svag	svagast	vild	vildast	gram4-superlative
svag	svagast	fet	fetast	gram4-superlative
ljus	ljusast	varm	varmast	gram4-superlative
ljus	ljusast	bred	bredast	gram4-superlative
ljus	ljusast	ovanlig	ovanligast	gram4-superlative
ljus	ljusast	tjock	tjockast	gram4-superlative
ljus	ljusast	fet	fetast	gram4-superlative
ljus	ljusast	grön	grönast	gram4-superlative
bra	bäst	ljus	ljusast	gram4-superlative
bra	bäst	ful	fulast	gram4-superlative
bra	bäst	klok	klokast	gram4-superlative
lång	längst	snabb	snabbast	gram4-superlative
lång	längst	sen	senast	gram4-superlative
lång	längst	långsam	långsammast	gram4-superlative
lång	längst	tajt	tajtast	gram4-superlative
enkel	enklast	bra	bäst	gram4-superlative
enkel	enklast	lång	längst	gram4-superlative
kylig	kyligast	tuff	tuffast	gram4-superlative
lätt	lättast	bred	bredast	gram4-superlative
snabb	snabbast	lång	längst	gram4-superlative
snabb	snabbast	tung	tyngst	gram4-superlative
grov	grövst	kylig	kyligast	gram4-superlative
hög	högst	lång	längst	gram4-superlative
hög	högst	långsam	långsammast	gram4-superlative
gammal	äldst	enkel	enklast	gram4-superlative
gammal	äldst	hög	högst	gram4-superlative
gammal	äldst	stark	starkast	gram4-superlative
gammal	äldst	vit	vitast	gram4-superlative
gammal	äldst	tjock	tjockast	gram4-superlative
sen	senast	grov	grövst	gram4-superlative
sen	senast	varm	varmast	gram4-superlative
sen	senast	ful	fulast	gram4-superlative
sen	senast	ovanlig	ovanligast	gram4-superlative
sen	senast	tung	tyngst	gram4-superlative
sen	senast	fet	fetast	gram4-superlative
varm	varmast	skarp	skarpast	gram4-superlative
varm	varmast	tung	tyngst	gram4-superlative
varm	varmast	rik	rikast	gram4-superlative
låg	lägst	tuff	tuffast	gram4-superlative
låg	lägst	vild	vildast	gram4-superlative
låg	lägst	rik	rikast	gram4-superlative
ny	nyast	snabb	snabbast	gram4-superlative
ny	nyast	grov	grövst	gram4-superlative
ny	nyast	ung	yngst	gram4-superlative
fattig	fattigast	lång	längst	gram4-superlative
fattig	fattigast	lätt	lättast	gram4-superlative
fattig	fattigast	långsam	långsammast	gram4-superlative
fattig	fattigast	ovanlig	ovanligast	gram4-superlative
fattig	fattigast	hård	hårdast	gram4-superlative
fattig	fattigast	fet	fetast	gram4-superlative
säker	säkrast	stor	störst	gram4-superlative
säker	säkrast	hög	högst	gram4-superlative
säker	säkrast	gammal	äldst	gram4-superlative
skarp	skarpast	svag	svagast	gram4-superlative
skarp	skarpast	grov	grövst	gram4-superlative
skarp	skarpast	söt	sötast	gram4-superlative
skarp	skarpast	vild	vildast	gram4-superlative
långsam	långsammast	kylig	kyligast	gram4-superlative
långsam	långsammast	sen	senast	gram4-superlative
långsam	långsammast	ny	nyast	gram4-superlative
långsam	långsammast	tuff	tuffast	gram4-superlative
långsam	långsammast	smal	smalast	gram4-superlative
långsam	långsammast	tjock	tjockast	gram4-superlative
liten	minst	stor	störst	gram4-superlative
liten	minst	smart	smartast	gram4-superlative
liten	minst	tajt	tajtast	gram4-superlative
liten	minst	djup	djupast	gram4-superlative
liten	minst	tung	tyngst	gram4-superlative
liten	minst	konstig	konstigast	gram4-superlative
smart	smartast	tung	tyngst	gram4-superlative
smart	smartast	fet	fetast	gram4-superlative
stark	starkast	dålig	sämst	gram4-superlative
stark	starkast	snabb	snabbast	gram4-superlative
stark	starkast	bred	bredast	gram4-superlative
stark	starkast	djup	djupast	gram4-superlative
stark	starkast	vit	vitast	gram4-superlative
tajt	tajtast	bred	bredast	gram4-superlative
tajt	tajtast	tjock	tjockast	gram4-superlative
tajt	tajtast	fet	fetast	gram4-superlative
tajt	tajtast	grön	grönast	gram4-superlative
tajt	tajtast	rik	rikast	gram4-superlative
tuff	tuffast	stor	störst	gram4-superlative
tuff	tuffast	grov	grövst	gram4-superlative
tuff	tuffast	ny	nyast	gram4-superlative
tuff	tuffast	liten	minst	gram4-superlative
tuff	tuffast	konstig	konstigast	gram4-superlative
tuff	tuffast	smal	smalast	gram4-superlative
varm	varmast	liten	minst	gram4-superlative
varm	varmast	tajt	tajtast	gram4-superlative
varm	varmast	djup	djupast	gram4-superlative
varm	varmast	fet	fetast	gram4-superlative
bred	bredast	lätt	lättast	gram4-superlative
bred	bredast	hög	högst	gram4-superlative
bred	bredast	långsam	långsammast	gram4-superlative
bred	bredast	tuff	tuffast	gram4-superlative
ung	yngst	svag	svagast	gram4-superlative
ung	yngst	bra	bäst	gram4-superlative
ung	yngst	fattig	fattigast	gram4-superlative
ung	yngst	skarp	skarpast	gram4-superlative
ung	yngst	bred	bredast	gram4-superlative
ung	yngst	djup	djupast	gram4-superlative
ung	yngst	ovanlig	ovanligast	gram4-superlative
ung	yngst	vit	vitast	gram4-superlative
ung	yngst	svart	svartast	gram4-superlative
ung	yngst	tjock	tjockast	gram4-superlative
ful	fulast	stor	störst	gram4-superlative
ful	fulast	lätt	lättast	gram4-superlative
ful	fulast	snabb	snabbast	gram4-superlative
ful	fulast	vild	vildast	gram4-superlative
djup	djupast	svag	svagast	gram4-superlative
djup	djupast	kylig	kyligast	gram4-superlative
djup	djupast	grov	grövst	gram4-superlative
djup	djupast	fattig	fattigast	gram4-superlative
djup	djupast	långsam	långsammast	gram4-superlative
djup	djupast	bred	bredast	gram4-superlative
djup	djupast	grön	grönast	gram4-superlative
söt	sötast	dålig	sämst	gram4-superlative
söt	sötast	skarp	skarpast	gram4-superlative
söt	sötast	smart	smartast	gram4-superlative
ovanlig	ovanligast	lätt	lättast	gram4-superlative
ovanlig	ovanligast	djup	djupast	gram4-superlative
ovanlig	ovanligast	konstig	konstigast	gram4-superlative
klok	klokast	säker	säkrast	gram4-superlative
klok	klokast	tuff	tuffast	gram4-superlative
klok	klokast	tung	tyngst	gram4-superlative
klok	klokast	vit	vitast	gram4-superlative
klok	klokast	fet	fetast	gram4-superlative
tung	tyngst	ovanlig	ovanligast	gram4-superlative
tung	tyngst	rik	rikast	gram4-superlative
konstig	konstigast	ljus	ljusast	gram4-superlative
konstig	konstigast	varm	varmast	gram4-superlative
konstig	konstigast	djup	djupast	gram4-superlative
hård	hårdast	svag	svagast	gram4-superlative
hård	hårdast	ljus	ljusast	gram4-superlative
hård	hårdast	lätt	lättast	gram4-superlative
hård	hårdast	säker	säkrast	gram4-superlative
hård	hårdast	skarp	skarpast	gram4-superlative
hård	hårdast	stark	starkast	gram4-superlative
hård	hårdast	vit	vitast	gram4-superlative
vit	vitast	lång	längst	gram4-superlative
vit	vitast	snabb	snabbast	gram4-superlative
vit	vitast	ny	nyast	gram4-superlative
vit	vitast	tajt	tajtast	gram4-superlative
vit	vitast	vild	vildast	gram4-superlative
svart	svartast	enkel	enklast	gram4-superlative
svart	svartast	långsam	långsammast	gram4-superlative
vild	vildast	ljus	ljusast	gram4-superlative
vild	vildast	snabb	snabbast	gram4-superlative
vild	vildast	ny	nyast	gram4-superlative
vild	vildast	bred	bredast	gram4-superlative
vild	vildast	ung	yngst	gram4-superlative
vild	vildast	klok	klokast	gram4-superlative
smal	smalast	sen	senast	gram4-superlative
smal	smalast	låg	lägst	gram4-superlative
smal	smalast	säker	säkrast	gram4-superlative
smal	smalast	långsam	långsammast	gram4-superlative
smal	smalast	ovanlig	ovanligast	gram4-superlative
smal	smalast	tjock	tjockast	gram4-superlative
smal	smalast	fet	fetast	gram4-superlative
smal	smalast	rik	rikast	gram4-superlative
tjock	tjockast	liten	minst	gram4-superlative
fet	fetast	grov	grövst	gram4-superlative
fet	fetast	skarp	skarpast	gram4-superlative
fet	fetast	hård	hårdast	gram4-superlative
grön	grönast	lång	längst	gram4-superlative
grön	grönast	sen	senast	gram4-superlative
grön	grönast	långsam	långsammast	gram4-superlative
grön	grönast	ful	fulast	gram4-superlative
rik	rikast	lätt	lättast	gram4-superlative
rik	rikast	grov	grövst	gram4-superlative
rik	rikast	säker	säkrast	gram4-superlative
rik	rikast	konstig	konstigast	gram4-superlative
Finland	finsk	Sverige	svensk	gram6-nationality-adjective
Danmark	dansk	Norge	norsk	gram6-nationality-adjective
befaller	befallde	bör	borde	gram7-past-tense
befaller	befallde	köper	köpte	gram7-past-tense
befaller	befallde	kör	körde	gram7-past-tense
befaller	befallde	åker	åkte	gram7-past-tense
behöver	behövde	gläder	gladde	gram7-past-tense
behöver	behövde	tar	tog	gram7-past-tense
behöver	behövde	vinner	vann	gram7-past-tense
beror	berodde	har	hade	gram7-past-tense
beror	berodde	reser	reste	gram7-past-tense
beror	berodde	åker	åkte	gram7-past-tense
berömmer	berömde	byter	bytte	gram7-past-tense
berömmer	berömde	hugger	högg	gram7-past-tense
berömmer	berömde	måste	måste	gram7-past-tense
beskär	beskar	drömmer	drömde	gram7-past-tense
beskär	beskar	får	fick	gram7-past-tense
beskär	beskar	kan	kunde	gram7-past-tense
beskär	beskar	kör	körde	gram7-past-tense
beskär	beskar	sover	sov	gram7-past-tense
binder	band	beror	berodde	gram7-past-tense
binder	band	gör	gjorde	gram7-past-tense
binder	band	reser	reste	gram7-past-tense
binder	band	står	stod	gram7-past-tense
binder	band	stör	störde	gram7-past-tense
binder	band	vinner	vann	gram7-past-tense
binder	band	åker	åkte	gram7-past-tense
biter	bet	blänker	blänkte	gram7-past-tense
biter	bet	byter	bytte	gram7-past-tense
biter	bet	driver	drev	gram7-past-tense
biter	bet	känner	kände	gram7-past-tense
biter	bet	kör	körde	gram7-past-tense
biter	bet	skriver	skrev	gram7-past-tense
biter	bet	tar	tog	gram7-past-tense
bjuder	bjöd	beror	berodde	gram7-past-tense
bjuder	bjöd	blir	blev	gram7-past-tense
bjuder	bjöd	blänker	blänkte	gram7-past-tense
bjuder	bjöd	bygger	byggde	gram7-past-tense
bjuder	bjöd	bör	borde	gram7-past-tense
bjuder	bjöd	har	hade	gram7-past-tense
bjuder	bjöd	köper	köpte	gram7-past-tense
bjuder	bjöd	söker	sökte	gram7-past-tense
bleker	blekte	biter	bet	gram7-past-tense
bleker	blekte	sover	sov	gram7-past-tense
blir	blev	tar	tog	gram7-past-tense
blänker	blänkte	biter	bet	gram7-past-tense
blänker	blänkte	bjuder	bjöd	gram7-past-tense
blänker	blänkte	drömmer	drömde	gram7-past-tense
blänker	blänkte	hjälper	hjälpte	gram7-past-tense
blänker	blänkte	kör	körde	gram7-past-tense
blänker	blänkte	ljuger	ljög	gram7-past-tense
bygger	byggde	har	hade	gram7-past-tense
bygger	byggde	skriver	skrev	gram7-past-tense
byter	bytte	driver	drev	gram7-past-tense
byter	bytte	hugger	högg	gram7-past-tense
byter	bytte	ringer	ringde	gram7-past-tense
bör	borde	bleker	blekte	gram7-past-tense
bör	borde	hjälper	hjälpte	gram7-past-tense
bör	borde	känner	kände	gram7-past-tense
bör	borde	reser	reste	gram7-past-tense
driver	drev	beskär	beskar	gram7-past-tense
driver	drev	köper	köpte	gram7-past-tense
driver	drev	ringer	ringde	gram7-past-tense
driver	drev	söker	sökte	gram7-past-tense
driver	drev	tror	trodde	gram7-past-tense
drömmer	drömde	bleker	blekte	gram7-past-tense
drömmer	drömde	hugger	högg	gram7-past-tense
drömmer	drömde	kör	körde	gram7-past-tense
drömmer	drömde	ljuger	ljög	gram7-past-tense
drömmer	drömde	står	stod	gram7-past-tense
drömmer	drömde	stör	störde	gram7-past-tense
fryser	frös	befaller	befallde	gram7-past-tense
fryser	frös	berömmer	berömde	gram7-past-tense
fryser	frös	bygger	byggde	gram7-past-tense
fryser	frös	glömmer	glömde	gram7-past-tense
fryser	frös	hjälper	hjälpte	gram7-past-tense
fryser	frös	kan	kunde	gram7-past-tense
fryser	frös	måste	måste	gram7-past-tense
får	fick	beror	berodde	gram7-past-tense
får	fick	driver	drev	gram7-past-tense
får	fick	gör	gjorde	gram7-past-tense
får	fick	köper	köpte	gram7-past-tense
får	fick	ringer	ringde	gram7-past-tense
får	fick	åker	åkte	gram7-past-tense
gläder	gladde	berömmer	berömde	gram7-past-tense
gläder	gladde	drömmer	drömde	gram7-past-tense
gläder	gladde	får	fick	gram7-past-tense
gläder	gladde	söker	sökte	gram7-past-tense
glömmer	glömde	ljuder	ljöd	gram7-past-tense
glömmer	glömde	ringer	ringde	gram7-past-tense
glömmer	glömde	stänger	stängde	gram7-past-tense
gör	gjorde	blir	blev	gram7-past-tense
gör	gjorde	har	hade	gram7-past-tense
gör	gjorde	känner	kände	gram7-past-tense
gör	gjorde	skriver	skrev	gram7-past-tense
gör	gjorde	stänger	stängde	gram7-past-tense
har	hade	biter	bet	gram7-past-tense
har	hade	hugger	högg	gram7-past-tense
har	hade	sover	sov	gram7-past-tense
hjälper	hjälpte	berömmer	berömde	gram7-past-tense
hugger	högg	bjuder	bjöd	gram7-past-tense
hugger	högg	känner	kände	gram7-past-tense
hugger	högg	reser	reste	gram7-past-tense
hugger	högg	stänger	stängde	gram7-past-tense
kan	kunde	befaller	befallde	gram7-past-tense
kan	kunde	gläder	gladde	gram7-past-tense
kan	kunde	skjuter	sköt	gram7-past-tense
känner	kände	skjuter	sköt	gram7-past-tense
känner	kände	skriver	skrev	gram7-past-tense
känner	kände	sover	sov	gram7-past-tense
känner	kände	söker	sökte	gram7-past-tense
känner	kände	vinner	vann	gram7-past-tense
köper	köpte	hjälper	hjälpte	gram7-past-tense
köper	köpte	tror	trodde	gram7-past-tense
kör	körde	biter	bet	gram7-past-tense
ljuder	ljöd	drömmer	drömde	gram7-past-tense
ljuder	ljöd	känner	kände	gram7-past-tense
ljuder	ljöd	ljuger	ljög	gram7-past-tense
ljuder	ljöd	ringer	ringde	gram7-past-tense
ljuder	ljöd	söker	sökte	gram7-past-tense
ljuder	ljöd	åker	åkte	gram7-past-tense
ljuger	ljög	gläder	gladde	gram7-past-tense
ljuger	ljög	kör	körde	gram7-past-tense
ljuger	ljög	sover	sov	gram7-past-tense
måste	måste	bygger	byggde	gram7-past-tense
måste	måste	fryser	frös	gram7-past-tense
måste	måste	kör	körde	gram7-past-tense
reser	reste	bör	borde	gram7-past-tense
reser	reste	hjälper	hjälpte	gram7-past-tense
reser	reste	åker	åkte	gram7-past-tense
ringer	ringde	beror	berodde	gram7-past-tense
ringer	ringde	bör	borde	gram7-past-tense
ringer	ringde	skriver	skrev	gram7-past-tense
ringer	ringde	åker	åkte	gram7-past-tense
skjuter	sköt	befaller	befallde	gram7-past-tense
skjuter	sköt	behöver	behövde	gram7-past-tense
skjuter	sköt	byter	bytte	gram7-past-tense
skjuter	sköt	driver	drev	gram7-past-tense
skjuter	sköt	stör	störde	gram7-past-tense
skjuter	sköt	åker	åkte	gram7-past-tense
skriver	skrev	känner	kände	gram7-past-tense
skriver	skrev	köper	köpte	gram7-past-tense
skriver	skrev	stör	störde	gram7-past-tense
skriver	skrev	söker	sökte	gram7-past-tense
sover	sov	blir	blev	gram7-past-tense
sover	sov	gläder	gladde	gram7-past-tense
sover	sov	tror	trodde	gram7-past-tense
står	stod	beror	berodde	gram7-past-tense
står	stod	blänker	blänkte	gram7-past-tense
står	stod	byter	bytte	gram7-past-tense
står	stod	hjälper	hjälpte	gram7-past-tense
står	stod	reser	reste	gram7-past-tense
står	stod	tar	tog	gram7-past-tense
står	stod	åker	åkte	gram7-past-tense
stänger	stängde	blänker	blänkte	gram7-past-tense
stänger	stängde	bygger	byggde	gram7-past-tense
stänger	stängde	bör	borde	gram7-past-tense
stänger	stängde	fryser	frös	gram7-past-tense
stänger	stängde	får	fick	gram7-past-tense
stänger	stängde	ringer	ringde	gram7-past-tense
stänger	stängde	tror	trodde	gram7-past-tense
stör	störde	berömmer	berömde	gram7-past-tense
stör	störde	drömmer	drömde	gram7-past-tense
stör	störde	glömmer	glömde	gram7-past-tense
stör	störde	har	hade	gram7-past-tense
stör	störde	ljuder	ljöd	gram7-past-tense
stör	störde	står	stod	gram7-past-tense
stör	störde	åker	åkte	gram7-past-tense
söker	sökte	skjuter	sköt	gram7-past-tense
tar	tog	befaller	befallde	gram7-past-tense
tar	tog	beror	berodde	gram7-past-tense
tar	tog	reser	reste	gram7-past-tense
tror	trodde	beror	berodde	gram7-past-tense
tror	trodde	blänker	blänkte	gram7-past-tense
tror	trodde	bör	borde	gram7-past-tense
tror	trodde	ljuder	ljöd	gram7-past-tense
tror	trodde	ljuger	ljög	gram7-past-tense
tror	trodde	måste	måste	gram7-past-tense
tror	trodde	sover	sov	gram7-past-tense
tror	trodde	söker	sökte	gram7-past-tense
tror	trodde	vinner	vann	gram7-past-tense
vinner	vann	beskär	beskar	gram7-past-tense
vinner	vann	blir	blev	gram7-past-tense
vinner	vann	drömmer	drömde	gram7-past-tense
vinner	vann	fryser	frös	gram7-past-tense
vinner	vann	ljuger	ljög	gram7-past-tense
vinner	vann	ringer	ringde	gram7-past-tense
vinner	vann	stör	störde	gram7-past-tense
åker	åkte	bjuder	bjöd	gram7-past-tense
åker	åkte	blir	blev	gram7-past-tense
åker	åkte	fryser	frös	gram7-past-tense
åker	åkte	köper	köpte	gram7-past-tense
åker	åkte	ljuder	ljöd	gram7-past-tense
bil	bilar	flicka	flickor	gram8-plural
bil	bilar	fågel	fåglar	gram8-plural
bil	bilar	elefant	elefanter	gram8-plural
bil	bilar	stol	stolar	gram8-plural
pojke	pojkar	arm	armar	gram8-plural
pojke	pojkar	ko	kor	gram8-plural
pojke	pojkar	stol	stolar	gram8-plural
flicka	flickor	bok	böcker	gram8-plural
flicka	flickor	kvinna	kvinnor	gram8-plural
flicka	flickor	byggnad	byggnader	gram8-plural
flicka	flickor	ko	kor	gram8-plural
flicka	flickor	elefant	elefanter	gram8-plural
flicka	flickor	mus	möss	gram8-plural
bok	böcker	pojke	pojkar	gram8-plural
bok	böcker	man	män	gram8-plural
bok	böcker	marknad	marknader	gram8-plural
arm	armar	man	män	gram8-plural
arm	armar	ko	kor	gram8-plural
arm	armar	häst	hästar	gram8-plural
arm	armar	melon	meloner	gram8-plural
kvinna	kvinnor	pojke	pojkar	gram8-plural
kvinna	kvinnor	råtta	råttor	gram8-plural
kvinna	kvinnor	fågel	fåglar	gram8-plural
kvinna	kvinnor	dator	datorer	gram8-plural
kvinna	kvinnor	åsna	åsnor	gram8-plural
kvinna	kvinnor	mus	möss	gram8-plural
man	män	bok	böcker	gram8-plural
man	män	marknad	marknader	gram8-plural
katt	katter	ko	kor	gram8-plural
katt	katter	elefant	elefanter	gram8-plural
katt	katter	telefon	telefoner	gram8-plural
katt	katter	skjorta	skjortor	gram8-plural
katt	katter	stjärna	stjärnor	gram8-plural
låda	lådor	get	getter	gram8-plural
låda	lådor	häst	hästar	gram8-plural
låda	lådor	marknad	marknader	gram8-plural
gris	grisar	byggnad	byggnader	gram8-plural
gris	grisar	färg	färger	gram8-plural
gris	grisar	ko	kor	gram8-plural
råtta	råttor	bil	bilar	gram8-plural
råtta	råttor	pojke	pojkar	gram8-plural
råtta	råttor	byggnad	byggnader	gram8-plural
råtta	råttor	dator	datorer	gram8-plural
råtta	råttor	marknad	marknader	gram8-plural
råtta	råttor	sko	skor	gram8-plural
råtta	råttor	kopp	koppar	gram8-plural
orm	ormar	dröm	drömmar	gram8-plural
orm	ormar	örn	örnar	gram8-plural
orm	ormar	telefon	telefoner	gram8-plural
orm	ormar	stjärna	stjärnor	gram8-plural
fågel	fåglar	hand	händer	gram8-plural
fågel	fåglar	korg	korgar	gram8-plural
flaska	flaskor	fågel	fåglar	gram8-plural
flaska	flaskor	ko	kor	gram8-plural
byggnad	byggnader	flaska	flaskor	gram8-plural
byggnad	byggnader	hund	hundar	gram8-plural
byggnad	byggnader	örn	örnar	gram8-plural
färg	färger	flaska	flaskor	gram8-plural
färg	färger	elefant	elefanter	gram8-plural
färg	färger	hand	händer	gram8-plural
färg	färger	melon	meloner	gram8-plural
färg	färger	mus	möss	gram8-plural
dator	datorer	åsna	åsnor	gram8-plural
dator	datorer	hand	händer	gram8-plural
dator	datorer	apa	apor	gram8-plural
ko	kor	man	män	gram8-plural
ko	kor	gris	grisar	gram8-plural
ko	kor	mus	möss	gram8-plural
hund	hundar	kvinna	kvinnor	gram8-plural
hund	hundar	råtta	råttor	gram8-plural
hund	hundar	get	getter	gram8-plural
åsna	åsnor	klocka	klockor	gram8-plural
dröm	drömmar	man	män	gram8-plural
dröm	drömmar	flaska	flaskor	gram8-plural
dröm	drömmar	färg	färger	gram8-plural
dröm	drömmar	hand	händer	gram8-plural
dröm	drömmar	häst	hästar	gram8-plural
dröm	drömmar	marknad	marknader	gram8-plural
örn	örnar	pojke	pojkar	gram8-plural
örn	örnar	dator	datorer	gram8-plural
örn	örnar	get	getter	gram8-plural
örn	örnar	korg	korgar	gram8-plural
elefant	elefanter	arm	armar	gram8-plural
elefant	elefanter	gris	grisar	gram8-plural
elefant	elefanter	ko	kor	gram8-plural
finger	fingrar	bok	böcker	gram8-plural
finger	fingrar	låda	lådor	gram8-plural
finger	fingrar	råtta	råttor	gram8-plural
finger	fingrar	melon	meloner	gram8-plural
finger	fingrar	mus	möss	gram8-plural
finger	fingrar	skjorta	skjortor	gram8-plural
get	getter	bil	bilar	gram8-plural
get	getter	ko	kor	gram8-plural
get	getter	elefant	elefanter	gram8-plural
get	getter	finger	fingrar	gram8-plural
get	getter	melon	meloner	gram8-plural
get	getter	sko	skor	gram8-plural
hand	händer	bil	bilar	gram8-plural
hand	händer	pojke	pojkar	gram8-plural
hand	händer	arm	armar	gram8-plural
hand	händer	flaska	flaskor	gram8-plural
häst	hästar	bil	bilar	gram8-plural
häst	hästar	get	getter	gram8-plural
häst	hästar	apa	apor	gram8-plural
melon	meloner	flicka	flickor	gram8-plural
melon	meloner	kvinna	kvinnor	gram8-plural
melon	meloner	färg	färger	gram8-plural
melon	meloner	dator	datorer	gram8-plural
melon	meloner	korg	korgar	gram8-plural
apa	apor	arm	armar	gram8-plural
apa	apor	gris	grisar	gram8-plural
apa	apor	åsna	åsnor	gram8-plural
apa	apor	häst	hästar	gram8-plural
mus	möss	kvinna	kvinnor	gram8-plural
mus	möss	färg	färger	gram8-plural
mus	möss	dröm	drömmar	gram8-plural
mus	möss	klocka	klockor	gram8-plural
lök	lökar	arm	armar	gram8-plural
lök	lökar	man	män	gram8-plural
lök	lökar	hund	hundar	gram8-plural
lök	lökar	apa	apor	gram8-plural
lök	lökar	mus	möss	gram8-plural
lök	lökar	marknad	marknader	gram8-plural
lök	lökar	klocka	klockor	gram8-plural
telefon	telefoner	kvinna	kvinnor	gram8-plural
telefon	telefoner	fågel	fåglar	gram8-plural
telefon	telefoner	byggnad	byggnader	gram8-plural
telefon	telefoner	ko	kor	gram8-plural
telefon	telefoner	åsna	åsnor	gram8-plural
telefon	telefoner	marknad	marknader	gram8-plural
marknad	marknader	råtta	råttor	gram8-plural
marknad	marknader	färg	färger	gram8-plural
marknad	marknader	mus	möss	gram8-plural
marknad	marknader	lök	lökar	gram8-plural
marknad	marknader	skjorta	skjortor	gram8-plural
marknad	marknader	stol	stolar	gram8-plural
sko	skor	bil	bilar	gram8-plural
sko	skor	dröm	drömmar	gram8-plural
sko	skor	get	getter	gram8-plural
sko	skor	hand	händer	gram8-plural
sko	skor	lök	lökar	gram8-plural
skjorta	skjortor	elefant	elefanter	gram8-plural
skjorta	skjortor	sko	skor	gram8-plural
korg	korgar	pojke	pojkar	gram8-plural
korg	korgar	flicka	flickor	gram8-plural
korg	korgar	flaska	flaskor	gram8-plural
korg	korgar	hand	händer	gram8-plural
stjärna	stjärnor	bil	bilar	gram8-plural
stjärna	stjärnor	häst	hästar	gram8-plural
stjärna	stjärnor	lök	lökar	gram8-plural
stjärna	stjärnor	marknad	marknader	gram8-plural
kopp	koppar	gris	grisar	gram8-plural
kopp	koppar	råtta	råttor	gram8-plural
kopp	koppar	fågel	fåglar	gram8-plural
kopp	koppar	get	getter	gram8-plural
kopp	koppar	apa	apor	gram8-plural
klocka	klockor	arm	armar	gram8-plural
klocka	klockor	orm	ormar	gram8-plural
klocka	klockor	fågel	fåglar	gram8-plural
klocka	klockor	elefant	elefanter	gram8-plural
stol	stolar	färg	färger	gram8-plural
stol	stolar	dator	datorer	gram8-plural
stol	stolar	sko	skor	gram8-plural
